timestamp,x,y,z,qx,qy,qz,qw
431095.993702,0.000000,0.000000,0.000000,0.194906,0.214445,0.708264,-0.643729
431096.010370,0.000000,0.000000,0.000000,0.193322,0.215893,0.708629,-0.643320
431096.027038,0.000000,0.000000,0.000000,0.191354,0.218113,0.709033,-0.642715
431096.043706,0.000000,0.000000,0.000000,0.190413,0.219115,0.709130,-0.642546
431096.060374,0.000000,0.000000,0.000000,0.188621,0.220471,0.709068,-0.642679
431096.077042,0.000000,0.000000,0.000000,0.187863,0.220859,0.708876,-0.642980
431096.093710,0.000000,0.000000,0.000000,0.186877,0.221007,0.708407,-0.643733
431096.110378,0.000000,0.000000,0.000000,0.186446,0.220350,0.708199,-0.644312
431096.127046,0.000000,0.000000,0.000000,0.186517,0.219899,0.708147,-0.644503
431096.143714,0.000000,0.000000,0.000000,0.187606,0.219372,0.708140,-0.644374
431096.160382,0.000000,0.000000,0.000000,0.188995,0.220092,0.708296,-0.643550
431096.177050,0.000000,0.000000,0.000000,0.189226,0.220832,0.708451,-0.643059
431096.193718,0.000000,0.000000,0.000000,0.188334,0.222418,0.709094,-0.642064
431096.210386,0.000000,0.000000,0.000000,0.186518,0.223647,0.710360,-0.640767
431096.227054,0.000000,0.000000,0.000000,0.185969,0.224042,0.711146,-0.639916
431096.243722,0.000000,0.000000,0.000000,0.186214,0.224177,0.712820,-0.637931
431096.260390,0.000000,0.000000,0.000000,0.187950,0.222960,0.714366,-0.636117
431096.277058,0.000000,0.000000,0.000000,0.189099,0.221944,0.714947,-0.635478
431096.293726,0.000000,0.000000,0.000000,0.192113,0.219153,0.715727,-0.634665
431096.310393,0.000000,0.000000,0.000000,0.195839,0.217263,0.715739,-0.634162
431096.327062,0.000000,0.000000,0.000000,0.197581,0.216781,0.715662,-0.633874
431096.343729,0.000000,0.000000,0.000000,0.200410,0.217056,0.715357,-0.633236
431096.360397,0.000000,0.000000,0.000000,0.202948,0.218908,0.714940,-0.632260
431096.377065,0.000000,0.000000,0.000000,0.204116,0.220434,0.714674,-0.631654
431096.393733,0.000000,0.000000,0.000000,0.205608,0.223805,0.714317,-0.630387
431096.410401,0.000000,0.000000,0.000000,0.205920,0.226766,0.714235,-0.629319
431096.427069,0.000000,0.000000,0.000000,0.205948,0.227649,0.714420,-0.628781
431096.443737,0.000000,0.000000,0.000000,0.206048,0.228263,0.715228,-0.627606
431096.460405,0.000000,0.000000,0.000000,0.205558,0.228161,0.716190,-0.626706
431096.477073,0.000000,0.000000,0.000000,0.204760,0.228189,0.716506,-0.626595
431096.493741,0.000000,0.000000,0.000000,0.202151,0.228680,0.716658,-0.627090
431096.510409,0.000000,0.000000,0.000000,0.198798,0.229759,0.716413,-0.628047
431096.527077,0.000000,0.000000,0.000000,0.196848,0.230384,0.716335,-0.628521
431096.543745,0.000000,0.000000,0.000000,0.192182,0.231439,0.716419,-0.629481
431096.560413,0.000000,0.000000,0.000000,0.186363,0.232579,0.716658,-0.630537
431096.577081,0.000000,0.000000,0.000000,0.184080,0.232847,0.716894,-0.630841
431096.593749,0.000000,0.000000,0.000000,0.182308,0.231938,0.717646,-0.630834
431096.610417,0.000000,0.000000,0.000000,0.183589,0.229787,0.718369,-0.630428
431096.627084,0.000000,0.000000,0.000000,0.184686,0.228670,0.718651,-0.630192
431096.643752,0.000000,0.000000,0.000000,0.186890,0.226443,0.719270,-0.629639
431096.660420,0.000000,0.000000,0.000000,0.187476,0.225669,0.719514,-0.629465
431096.677088,0.000000,0.000000,0.000000,0.187161,0.224934,0.719897,-0.629384
431096.693756,0.000000,0.000000,0.000000,0.185997,0.224786,0.720308,-0.629312
431096.710424,0.000000,0.000000,0.000000,0.185480,0.224705,0.720579,-0.629182
431096.727092,0.000000,0.000000,0.000000,0.184647,0.224696,0.721085,-0.628851
431096.743760,0.000000,0.000000,0.000000,0.183823,0.224761,0.721267,-0.628860
431096.760428,0.000000,0.000000,0.000000,0.183403,0.224794,0.721245,-0.628997
431096.777096,0.000000,0.000000,0.000000,0.182736,0.224643,0.721138,-0.629367
431096.793764,0.000000,0.000000,0.000000,0.182373,0.224365,0.721034,-0.629690
431096.810432,0.000000,0.000000,0.000000,0.182290,0.224273,0.720981,-0.629808
431096.827100,0.000000,0.000000,0.000000,0.182067,0.224651,0.720764,-0.629986
431096.843768,0.000000,0.000000,0.000000,0.181702,0.225519,0.720397,-0.630201
431096.860436,0.000000,0.000000,0.000000,0.182793,0.226221,0.718282,-0.632046
431096.877104,0.000158,-0.000124,-0.000040,0.182358,0.226838,0.718267,-0.631967
431096.893771,0.000357,-0.000240,-0.000085,0.182126,0.227301,0.718491,-0.631613
431096.910439,0.001386,0.000374,-0.000064,0.189906,0.227743,0.717309,-0.630505
431096.927107,0.001808,0.000480,-0.000205,0.190793,0.227789,0.717374,-0.630147
431096.943775,0.002045,0.000445,-0.000346,0.191864,0.227996,0.717262,-0.629874
431096.960443,0.002247,0.000401,-0.000445,0.192579,0.228205,0.717210,-0.629639
431096.977111,0.002455,0.000420,-0.000446,0.192281,0.228632,0.717285,-0.629490
431096.993779,0.002661,0.000508,-0.000358,0.191146,0.229218,0.717405,-0.629486
431097.010447,0.002797,0.000713,-0.000085,0.194076,0.230720,0.717865,-0.627513
431097.027115,0.002923,0.000826,0.000069,0.193087,0.230840,0.717898,-0.627737
431097.043783,0.003089,0.001001,0.000058,0.192904,0.230772,0.717665,-0.628084
431097.060451,0.003158,0.001095,0.000138,0.192950,0.230386,0.717519,-0.628378
431097.077119,0.003193,0.001190,0.000284,0.192692,0.229991,0.717454,-0.628676
431097.093787,0.003193,0.001305,0.000484,0.191966,0.229651,0.717355,-0.629136
431097.110455,0.003119,0.001481,0.000804,0.193517,0.230251,0.717455,-0.628326
431097.127123,0.003051,0.001584,0.001024,0.192465,0.229878,0.717286,-0.628979
431097.143791,0.002921,0.001928,0.000956,0.191862,0.229691,0.717046,-0.629505
431097.160458,0.002823,0.002073,0.000961,0.191799,0.229182,0.716866,-0.629914
431097.177126,0.002735,0.002135,0.000942,0.192200,0.228745,0.716653,-0.630193
431097.193794,0.002665,0.002160,0.000891,0.192790,0.228311,0.716501,-0.630343
431097.210462,0.002617,0.002184,0.000836,0.193038,0.228056,0.716467,-0.630399
431097.227130,0.002714,0.002400,0.000968,0.194961,0.228400,0.716909,-0.629178
431097.243798,0.002741,0.002479,0.000963,0.194445,0.228668,0.716903,-0.629247
431097.260466,0.002723,0.002521,0.000952,0.193803,0.228799,0.716849,-0.629459
431097.277134,0.002661,0.002562,0.000980,0.192889,0.228768,0.716678,-0.629946
431097.293802,0.002543,0.002608,0.001035,0.191799,0.228860,0.716334,-0.630636
431097.310470,0.002396,0.002655,0.001105,0.191689,0.228806,0.715945,-0.631131
431097.327138,0.002247,0.002690,0.001147,0.191138,0.228571,0.715598,-0.631776
431097.343806,0.002015,0.002510,0.001344,0.190585,0.228091,0.715346,-0.632402
431097.360474,0.001864,0.002498,0.001480,0.189885,0.227526,0.715181,-0.633002
431097.377142,0.001748,0.002545,0.001587,0.189011,0.227151,0.715002,-0.633601
431097.393810,0.001644,0.002605,0.001633,0.188354,0.227145,0.714725,-0.634110
431097.410478,0.001551,0.002658,0.001616,0.188475,0.227474,0.714374,-0.634352
431097.427145,0.001487,0.002721,0.001603,0.188501,0.227463,0.714257,-0.634480
431097.443813,0.001090,0.002682,0.001464,0.188128,0.227312,0.714284,-0.634614
431097.460481,0.000969,0.002777,0.001537,0.187710,0.226741,0.714555,-0.634638
431097.477149,0.000971,0.002940,0.001727,0.187138,0.225911,0.714965,-0.634641
431097.493817,0.001031,0.003195,0.002039,0.185950,0.224882,0.715437,-0.634824
431097.510485,0.001090,0.003510,0.002418,0.182153,0.223055,0.716128,-0.635789
431097.527153,0.001106,0.003905,0.002923,0.179845,0.221779,0.716355,-0.636636
431097.543821,0.000917,0.004303,0.003532,0.178701,0.220429,0.716575,-0.637179
431097.560489,0.000844,0.004559,0.003847,0.179526,0.218753,0.716822,-0.637247
431097.577157,0.000852,0.004729,0.003974,0.181333,0.217183,0.717115,-0.636943
431097.593825,0.000915,0.004884,0.004039,0.182720,0.216249,0.717480,-0.636453
431097.610493,0.001000,0.005048,0.004081,0.181733,0.216192,0.718375,-0.635745
431097.627161,0.001154,0.005211,0.004134,0.181439,0.216239,0.718856,-0.635269
431097.643829,0.001175,0.005100,0.004312,0.180868,0.216582,0.719262,-0.634856
431097.660497,0.001277,0.005108,0.004344,0.180510,0.216926,0.719531,-0.634535
431097.677164,0.001353,0.005148,0.004325,0.180183,0.217292,0.719627,-0.634394
431097.693833,0.001366,0.005187,0.004301,0.179894,0.217389,0.719579,-0.634497
431097.710500,0.001338,0.005196,0.004267,0.179134,0.217530,0.719320,-0.634957
431097.727168,0.001317,0.005189,0.004241,0.179001,0.217217,0.719136,-0.635311
431097.743836,0.001190,0.004942,0.004311,0.178466,0.217070,0.718995,-0.635671
431097.760504,0.001135,0.004842,0.004317,0.177542,0.217271,0.718773,-0.636111
431097.777172,0.001105,0.004772,0.004255,0.176797,0.217714,0.718453,-0.636529
431097.793840,0.001118,0.004675,0.004103,0.176842,0.218181,0.718203,-0.636638
431097.810508,0.001186,0.004539,0.003934,0.176674,0.218840,0.718076,-0.636601
431097.827176,0.001296,0.004465,0.003759,0.177409,0.218961,0.718337,-0.636062
431097.843844,0.001407,0.004466,0.003653,0.177534,0.219069,0.718619,-0.635671
431097.860512,0.001482,0.004554,0.003668,0.176679,0.219124,0.718776,-0.635712
431097.877180,0.001495,0.004716,0.003812,0.174907,0.219250,0.718694,-0.636251
431097.893848,0.001454,0.004915,0.004034,0.173106,0.219106,0.718507,-0.637004
431097.910516,0.001240,0.005059,0.004522,0.171285,0.218780,0.718190,-0.637965
431097.927184,0.001139,0.005223,0.004883,0.170500,0.218031,0.718060,-0.638579
431097.943852,0.001131,0.005418,0.005224,0.169654,0.217447,0.718109,-0.638947
431097.960519,0.001183,0.005676,0.005618,0.168205,0.216995,0.718380,-0.639179
431097.977187,0.001260,0.006001,0.006084,0.166240,0.216391,0.718797,-0.639430
431097.993855,0.001330,0.006367,0.006593,0.164281,0.215356,0.719267,-0.639756
431098.010523,0.001379,0.006730,0.007091,0.162319,0.214307,0.719481,-0.640369
431098.027191,0.001387,0.007070,0.007533,0.161389,0.212942,0.719671,-0.640846
431098.043859,0.001151,0.007405,0.008118,0.160693,0.211760,0.719578,-0.641516
431098.060527,0.001042,0.007687,0.008583,0.159870,0.210659,0.719365,-0.642323
431098.077195,0.001006,0.007940,0.009001,0.158917,0.209365,0.719279,-0.643078
431098.093863,0.001018,0.008161,0.009331,0.158235,0.208374,0.719333,-0.643508
431098.110531,0.000935,0.008338,0.009629,0.157726,0.207834,0.719398,-0.643735
431098.127199,0.000923,0.008443,0.009738,0.158181,0.207401,0.719481,-0.643670
431098.143867,0.000941,0.008493,0.009758,0.158731,0.207175,0.719461,-0.643629
431098.160535,0.000989,0.008511,0.009740,0.159075,0.207128,0.719460,-0.643560
431098.177203,0.001062,0.008521,0.009689,0.159144,0.207364,0.719452,-0.643477
431098.193871,0.001153,0.008527,0.009617,0.159093,0.207691,0.719434,-0.643403
431098.210539,0.000918,0.008393,0.009563,0.158434,0.208164,0.719445,-0.643402
431098.227206,0.000887,0.008336,0.009493,0.158363,0.208292,0.719402,-0.643426
431098.243874,0.000920,0.008301,0.009400,0.158383,0.208461,0.719390,-0.643379
431098.260542,0.000980,0.008258,0.009272,0.158617,0.208708,0.719436,-0.643190
431098.277210,0.001050,0.008207,0.009116,0.159061,0.209024,0.719470,-0.642939
431098.293878,0.001110,0.008156,0.008963,0.159480,0.209295,0.719468,-0.642750
431098.310546,0.001127,0.008103,0.008806,0.159270,0.209815,0.719420,-0.642686
431098.327214,0.001100,0.008052,0.008662,0.159627,0.210120,0.719172,-0.642775
431098.343882,0.000898,0.007866,0.008611,0.159985,0.210511,0.718800,-0.642975
431098.360550,0.000748,0.007775,0.008538,0.160366,0.210792,0.718412,-0.643222
431098.377218,0.000619,0.007742,0.008512,0.160553,0.210836,0.718103,-0.643505
431098.393886,0.000500,0.007751,0.008545,0.160493,0.210631,0.717906,-0.643807
431098.410554,0.000377,0.007772,0.008582,0.159802,0.210499,0.717916,-0.644011
431098.427222,0.000273,0.007793,0.008606,0.160255,0.210100,0.717849,-0.644103
431098.443890,0.000067,0.007771,0.008833,0.160774,0.209744,0.717808,-0.644136
431098.460558,-0.000059,0.007811,0.008983,0.160911,0.209407,0.717819,-0.644198
431098.477225,-0.000172,0.007911,0.009162,0.160492,0.209096,0.717811,-0.644413
431098.493893,-0.000302,0.008054,0.009371,0.159806,0.208787,0.717700,-0.644807
431098.510561,-0.000732,0.008143,0.009526,0.158863,0.208379,0.717447,-0.645454
431098.527229,-0.000995,0.008271,0.009673,0.158971,0.207756,0.717200,-0.645902
431098.543897,-0.001174,0.008397,0.009805,0.159485,0.206985,0.717011,-0.646233
431098.560565,-0.001287,0.008529,0.009945,0.160008,0.206262,0.716957,-0.646394
431098.577233,-0.001333,0.008687,0.010111,0.160253,0.205624,0.717085,-0.646396
431098.593901,-0.001327,0.008875,0.010305,0.160171,0.205042,0.717328,-0.646331
431098.610569,-0.001541,0.008950,0.010575,0.159323,0.204475,0.717654,-0.646358
431098.627237,-0.001604,0.009126,0.010884,0.158429,0.203822,0.717773,-0.646652
431098.643905,-0.001618,0.009329,0.011212,0.157323,0.203138,0.717808,-0.647098
431098.660573,-0.001598,0.009526,0.011523,0.156178,0.202592,0.717804,-0.647551
431098.677241,-0.001530,0.009723,0.011812,0.154923,0.202358,0.717828,-0.647899
431098.693909,-0.001407,0.009948,0.012102,0.153599,0.202318,0.717975,-0.648064
431098.710576,-0.001238,0.010203,0.012393,0.152142,0.201928,0.718420,-0.648035
431098.727244,-0.001022,0.010487,0.012726,0.151165,0.201274,0.718863,-0.647977
431098.743912,-0.001127,0.010677,0.013066,0.150217,0.200412,0.719479,-0.647781
431098.760580,-0.000970,0.010981,0.013478,0.149287,0.199222,0.720258,-0.647496
431098.777248,-0.000725,0.011363,0.013975,0.148028,0.197839,0.721001,-0.647383
431098.793916,-0.000477,0.011804,0.014549,0.146116,0.196549,0.721510,-0.647644
431098.810584,-0.000269,0.012284,0.015174,0.143150,0.195718,0.721879,-0.648146
431098.827252,-0.000069,0.012786,0.015842,0.140375,0.195032,0.721933,-0.648899
431098.843920,0.000054,0.013213,0.016734,0.137940,0.193998,0.721917,-0.649748
431098.860588,0.000261,0.013678,0.017534,0.135776,0.192714,0.722040,-0.650449
431098.877256,0.000517,0.014218,0.018427,0.133028,0.191173,0.722315,-0.651166
431098.893924,0.000784,0.014849,0.019503,0.129302,0.189113,0.722665,-0.652129
431098.910592,0.001034,0.015541,0.020711,0.124728,0.186675,0.723006,-0.653343
431098.927260,0.001308,0.016257,0.021947,0.121064,0.184125,0.723405,-0.654314
431098.943928,0.001521,0.017161,0.023205,0.118479,0.181267,0.724008,-0.654918
431098.960596,0.001836,0.018018,0.024453,0.116271,0.178271,0.724697,-0.655374
431098.977263,0.002168,0.018881,0.025741,0.113995,0.175178,0.725358,-0.655876
431098.993931,0.002505,0.019755,0.027066,0.111638,0.172226,0.726057,-0.656289
431099.010599,0.002733,0.020613,0.028192,0.108804,0.169367,0.726886,-0.656592
431099.027267,0.003036,0.021524,0.029476,0.106308,0.166498,0.727906,-0.656605
431099.043935,0.003340,0.022425,0.030779,0.104106,0.163359,0.728880,-0.656665
431099.060603,0.003609,0.023283,0.032049,0.102084,0.160372,0.729621,-0.656897
431099.077271,0.003815,0.024106,0.033264,0.099958,0.157808,0.730091,-0.657322
431099.093939,0.003952,0.024882,0.034413,0.097481,0.155754,0.730342,-0.657905
431099.110607,0.004028,0.025599,0.035441,0.094297,0.154523,0.730419,-0.658573
431099.127275,0.004070,0.026251,0.036329,0.092212,0.153414,0.730545,-0.658988
431099.143943,0.003996,0.026835,0.037080,0.090958,0.152275,0.730734,-0.659217
431099.160611,0.003954,0.027304,0.037637,0.090691,0.150795,0.730925,-0.659382
431099.177279,0.003894,0.027652,0.037994,0.091114,0.149481,0.730953,-0.659592
431099.193947,0.003807,0.027898,0.038140,0.091763,0.148968,0.730706,-0.659891
431099.210615,0.003342,0.027752,0.038050,0.091303,0.149815,0.730292,-0.660222
431099.227283,0.003071,0.027768,0.037887,0.091030,0.150988,0.729898,-0.660428
431099.243950,0.002833,0.027784,0.037612,0.090670,0.152441,0.729367,-0.660730
431099.260618,0.002593,0.027725,0.037202,0.090611,0.154128,0.728658,-0.661129
431099.277286,0.002372,0.027569,0.036655,0.090957,0.156049,0.727852,-0.661518
431099.293954,0.002189,0.027335,0.036004,0.091572,0.158246,0.727104,-0.661734
431099.310622,0.002062,0.027048,0.035287,0.091603,0.160779,0.726337,-0.661962
431099.327290,0.002000,0.026741,0.034566,0.092583,0.162827,0.725837,-0.661874
431099.343958,0.001726,0.025690,0.033958,0.093690,0.164700,0.725487,-0.661638
431099.360626,0.001666,0.025141,0.033336,0.094678,0.166434,0.725335,-0.661230
431099.377294,0.001665,0.024791,0.032723,0.095755,0.168053,0.725197,-0.660817
431099.393962,0.001666,0.024550,0.032164,0.096795,0.169640,0.724913,-0.660571
431099.410630,0.001673,0.024404,0.031720,0.096665,0.171042,0.724331,-0.660867
431099.427298,0.001676,0.024394,0.031520,0.096309,0.172279,0.723896,-0.661074
431099.443965,0.001273,0.023722,0.031485,0.095217,0.173003,0.723570,-0.661400
431099.460634,0.001116,0.023624,0.031692,0.094101,0.172756,0.723447,-0.661759
431099.477301,0.001007,0.023712,0.032004,0.093455,0.171774,0.723318,-0.662247
431099.493969,0.000891,0.023856,0.032375,0.092953,0.170592,0.723094,-0.662867
431099.510637,0.000783,0.024028,0.032773,0.091588,0.169098,0.722775,-0.663788
431099.527305,0.000671,0.024242,0.033225,0.090504,0.168174,0.722586,-0.664376
431099.543973,0.000286,0.024303,0.033690,0.089262,0.167580,0.722384,-0.664914
431099.560641,0.000044,0.024450,0.034069,0.088273,0.166950,0.722161,-0.665447
431099.577309,-0.000175,0.024577,0.034341,0.087721,0.166408,0.721814,-0.666031
431099.593977,-0.000387,0.024652,0.034496,0.087574,0.166090,0.721419,-0.666558
431099.610645,-0.000629,0.024538,0.034423,0.086778,0.165922,0.720949,-0.667212
431099.627313,-0.000877,0.024532,0.034422,0.085895,0.166500,0.720639,-0.667517
431099.643981,-0.001176,0.024524,0.034368,0.085097,0.167197,0.720289,-0.667823
431099.660649,-0.001535,0.024445,0.034176,0.085279,0.167821,0.719838,-0.668130
431099.677317,-0.001926,0.024275,0.033853,0.086554,0.168283,0.719337,-0.668388
431099.693985,-0.002302,0.024052,0.033490,0.088189,0.168664,0.718919,-0.668529
431099.710653,-0.002991,0.023694,0.032961,0.088802,0.169102,0.718699,-0.668573
431099.727321,-0.003449,0.023454,0.032610,0.089235,0.170030,0.718485,-0.668510
431099.743988,-0.003857,0.023291,0.032380,0.088765,0.171107,0.718247,-0.668554
431099.760656,-0.004296,0.023177,0.032253,0.087834,0.171983,0.717907,-0.668817
431099.777324,-0.004799,0.023086,0.032191,0.087079,0.172464,0.717369,-0.669369
431099.793992,-0.005352,0.023001,0.032164,0.086846,0.172537,0.716675,-0.670124
431099.810660,-0.005909,0.022917,0.032175,0.086970,0.172265,0.715927,-0.670977
431099.827328,-0.006420,0.022844,0.032215,0.086544,0.171490,0.715374,-0.671820
431099.843996,-0.006852,0.022828,0.032343,0.086275,0.171065,0.715013,-0.672347
431099.860664,-0.007205,0.022540,0.032442,0.085620,0.170886,0.714873,-0.672625
431099.877332,-0.007507,0.022489,0.032570,0.085290,0.170537,0.714860,-0.672768
431099.894000,-0.007770,0.022515,0.032660,0.085426,0.170109,0.714857,-0.672863
431099.910668,-0.007994,0.022564,0.032714,0.085481,0.169492,0.714964,-0.672898
431099.927336,-0.008173,0.022644,0.032800,0.085389,0.169299,0.714988,-0.672933
431099.944004,-0.008498,0.022643,0.032861,0.084620,0.169631,0.714937,-0.673001
431099.960672,-0.008716,0.022718,0.032981,0.083889,0.169706,0.714839,-0.673177
431099.977340,-0.008907,0.022786,0.033101,0.083486,0.169479,0.714612,-0.673525
431099.994008,-0.009068,0.022818,0.033188,0.083539,0.168937,0.714360,-0.673922
431100.010675,-0.009179,0.022808,0.033222,0.083754,0.168510,0.714193,-0.674180
431100.027343,-0.008916,0.022687,0.032789,0.084501,0.167637,0.713789,-0.674732
431100.044011,-0.008839,0.022591,0.032510,0.084922,0.167963,0.713667,-0.674727
431100.060679,-0.008823,0.022484,0.032244,0.085077,0.168806,0.713522,-0.674651
431100.077347,-0.008826,0.022371,0.032009,0.084989,0.169612,0.713363,-0.674627
431100.094015,-0.008821,0.022267,0.031820,0.084913,0.169921,0.713283,-0.674644
431100.110683,-0.008787,0.022161,0.031643,0.085136,0.169923,0.713303,-0.674594
431100.127351,-0.008907,0.021844,0.031443,0.085711,0.170036,0.713527,-0.674256
431100.144019,-0.008888,0.021661,0.031189,0.086625,0.170378,0.713683,-0.673888
431100.160687,-0.008857,0.021537,0.030914,0.087217,0.171196,0.713684,-0.673602
431100.177355,-0.008852,0.021453,0.030650,0.087315,0.172345,0.713472,-0.673522
431100.194023,-0.008865,0.021400,0.030448,0.086965,0.173388,0.713179,-0.673609
431100.210691,-0.008874,0.021360,0.030304,0.086609,0.174108,0.712935,-0.673728
431100.227359,-0.008854,0.021223,0.030148,0.086742,0.174548,0.712872,-0.673664
431100.244027,-0.008820,0.021149,0.030043,0.086966,0.174767,0.712757,-0.673699
431100.260694,-0.008799,0.021101,0.029935,0.087225,0.175083,0.712575,-0.673776
431100.277362,-0.008788,0.021065,0.029800,0.087526,0.175618,0.712295,-0.673894
431100.294030,-0.008767,0.021044,0.029636,0.087898,0.176354,0.712047,-0.673915
431100.310698,-0.008720,0.021039,0.029454,0.088662,0.177196,0.711954,-0.673693
431100.327366,-0.008658,0.021030,0.029226,0.089010,0.178156,0.711950,-0.673398
431100.344034,-0.008416,0.020973,0.028900,0.089488,0.179330,0.711856,-0.673123
431100.360702,-0.008312,0.020869,0.028492,0.090489,0.180807,0.711851,-0.672598
431100.377370,-0.008247,0.020725,0.027978,0.091874,0.182680,0.711884,-0.671869
431100.394038,-0.008170,0.020560,0.027377,0.093455,0.184891,0.712100,-0.670816
431100.410706,-0.008057,0.020375,0.026701,0.095642,0.187445,0.712599,-0.669268
431100.427374,-0.007891,0.020154,0.025927,0.098242,0.190115,0.713225,-0.667469
431100.444042,-0.007726,0.019714,0.025052,0.101286,0.193161,0.713752,-0.665574
431100.460710,-0.007485,0.019392,0.024165,0.104910,0.196161,0.714626,-0.663193
431100.477378,-0.007157,0.019111,0.023269,0.109284,0.198712,0.715786,-0.660470
431100.494045,-0.006716,0.018838,0.022352,0.114406,0.200552,0.717256,-0.657445
431100.510714,-0.006186,0.018586,0.021438,0.119351,0.202545,0.718847,-0.654209
431100.527382,-0.005891,0.018170,0.020585,0.123870,0.204930,0.720293,-0.651029
431100.544049,-0.005418,0.017877,0.019704,0.128565,0.207077,0.721656,-0.647922
431100.560717,-0.004888,0.017586,0.018749,0.133511,0.209534,0.722891,-0.644747
431100.577385,-0.004308,0.017270,0.017703,0.138437,0.212357,0.723952,-0.641586
431100.594053,-0.003686,0.016953,0.016628,0.142981,0.215119,0.724870,-0.638627
431100.610721,-0.003069,0.016651,0.015646,0.146415,0.217640,0.725730,-0.636013
431100.627389,-0.002450,0.016364,0.014840,0.149481,0.219262,0.726454,-0.633912
431100.644057,-0.001970,0.015618,0.014422,0.151955,0.219944,0.727096,-0.632350
431100.660725,-0.001479,0.015224,0.014025,0.153628,0.220048,0.727644,-0.631278
431100.677393,-0.001059,0.015011,0.013801,0.153902,0.220057,0.727953,-0.630852
431100.694061,-0.000702,0.014959,0.013868,0.152334,0.219732,0.728187,-0.631076
431100.710729,-0.000394,0.015072,0.014256,0.147877,0.219923,0.728419,-0.631801
431100.727397,-0.000107,0.015339,0.014896,0.141232,0.220469,0.728371,-0.633184
431100.744065,0.000115,0.015632,0.015560,0.132979,0.221319,0.727903,-0.635210
431100.760732,0.000260,0.016069,0.016445,0.124355,0.221848,0.727208,-0.637564
431100.777400,0.000372,0.016575,0.017442,0.117115,0.221218,0.726996,-0.639393
431100.794068,0.000548,0.017114,0.018449,0.112092,0.219220,0.727503,-0.640404
431100.810736,0.000794,0.017645,0.019387,0.107998,0.216895,0.728502,-0.640763
431100.827404,0.001042,0.018193,0.020243,0.104886,0.215457,0.729297,-0.640862
431100.844072,0.002103,0.018744,0.020115,0.102322,0.214419,0.729840,-0.641005
431100.860740,0.002498,0.019289,0.020477,0.099889,0.213656,0.729918,-0.641555
431100.877408,0.002642,0.019792,0.020944,0.097134,0.213619,0.729628,-0.642320
431100.894076,0.002706,0.020241,0.021371,0.093340,0.215017,0.729059,-0.643062
431100.910744,0.002782,0.020591,0.021656,0.088701,0.217884,0.728391,-0.643510
431100.927412,0.002890,0.021246,0.022044,0.084246,0.221453,0.727658,-0.643719
431100.944080,0.003007,0.021398,0.021890,0.081560,0.225352,0.726697,-0.643798
431100.960748,0.003132,0.021293,0.021446,0.080897,0.228530,0.725818,-0.643754
431100.977416,0.003262,0.021047,0.020912,0.081637,0.230194,0.725312,-0.643637
431100.994084,0.003335,0.020729,0.020393,0.082718,0.230898,0.724880,-0.643734
431101.010752,0.003323,0.020365,0.019894,0.083933,0.231084,0.724248,-0.644221
431101.027419,0.003254,0.019974,0.019391,0.085372,0.231008,0.723625,-0.644759
431101.044087,0.003036,0.019643,0.019752,0.087209,0.230868,0.723043,-0.645216
431101.060755,0.002954,0.019267,0.019489,0.089850,0.230851,0.722653,-0.645296
431101.077423,0.002925,0.018885,0.018986,0.092831,0.231450,0.722274,-0.645084
431101.094091,0.002911,0.018539,0.018405,0.095450,0.232795,0.721831,-0.644714
431101.110759,0.002921,0.018235,0.017817,0.097148,0.234417,0.721395,-0.644360
431101.127427,0.002947,0.017981,0.017306,0.098940,0.235875,0.721225,-0.643746
431101.144095,0.002251,0.017799,0.017562,0.101320,0.236427,0.721202,-0.643199
431101.160763,0.002036,0.017605,0.017448,0.104551,0.236159,0.721495,-0.642451
431101.177431,0.001988,0.017451,0.017285,0.107746,0.235576,0.722022,-0.641544
431101.194099,0.001992,0.017346,0.017159,0.110352,0.235036,0.722567,-0.640685
431101.210767,0.002007,0.017272,0.017055,0.112549,0.234470,0.722897,-0.640138
431101.227435,0.001807,0.017067,0.016983,0.113626,0.233688,0.722999,-0.640119
431101.244103,0.001734,0.017035,0.017075,0.113409,0.233407,0.723036,-0.640217
431101.260770,0.001686,0.017065,0.017238,0.112079,0.233454,0.722883,-0.640608
431101.277438,0.001620,0.017088,0.017381,0.110613,0.233517,0.722528,-0.641239
431101.294106,0.001506,0.017078,0.017473,0.109382,0.233562,0.721934,-0.642103
431101.310774,0.001346,0.017039,0.017507,0.108148,0.233270,0.721130,-0.643320
431101.327442,0.001149,0.016998,0.017516,0.107574,0.233187,0.720296,-0.644380
431101.344110,0.001149,0.016813,0.017188,0.107679,0.232848,0.719660,-0.645195
431101.360778,0.001071,0.016767,0.017086,0.107506,0.232496,0.719192,-0.645872
431101.377446,0.001041,0.016825,0.017208,0.106169,0.232046,0.719120,-0.646335
431101.394114,0.001088,0.016978,0.017554,0.103337,0.231653,0.719361,-0.646666
431101.410782,0.001171,0.017167,0.017985,0.100228,0.230572,0.719675,-0.647193
431101.427450,0.001190,0.017344,0.018382,0.098465,0.229337,0.719899,-0.647653
431101.444118,0.001201,0.017490,0.018675,0.098499,0.227310,0.720046,-0.648198
431101.460786,0.001047,0.017677,0.019032,0.098793,0.225001,0.719889,-0.649133
431101.477454,0.000819,0.017963,0.019566,0.098172,0.222633,0.719641,-0.650319
431101.494122,0.000587,0.018365,0.020312,0.096282,0.220179,0.719505,-0.651586
431101.510790,0.000387,0.018860,0.021214,0.093322,0.217560,0.719322,-0.653096
431101.527457,0.000162,0.019420,0.022187,0.089859,0.215411,0.719241,-0.654383
431101.544125,-0.000322,0.020096,0.023349,0.086626,0.213582,0.719029,-0.655650
431101.560793,-0.000662,0.020670,0.024270,0.084465,0.211833,0.718780,-0.656770
431101.577461,-0.000902,0.021180,0.025019,0.083727,0.209960,0.718790,-0.657455
431101.594129,-0.001078,0.021669,0.025707,0.083424,0.207941,0.719083,-0.657815
431101.610797,-0.001236,0.022162,0.026418,0.082501,0.206121,0.719395,-0.658163
431101.627465,-0.001631,0.022709,0.027269,0.080930,0.204736,0.719432,-0.658750
431101.644133,-0.001864,0.023185,0.027955,0.079403,0.203737,0.719427,-0.659251
431101.660801,-0.002025,0.023594,0.028468,0.078552,0.203091,0.719396,-0.659586
431101.677469,-0.002150,0.023938,0.028806,0.078594,0.202782,0.719321,-0.659757
431101.694137,-0.002250,0.024220,0.028973,0.079631,0.202763,0.719241,-0.659726
431101.710805,-0.002297,0.024445,0.028985,0.081574,0.202956,0.719253,-0.659416
431101.727473,-0.002538,0.024303,0.029030,0.083434,0.203204,0.719288,-0.659069
431101.744141,-0.002575,0.024403,0.029034,0.085205,0.203618,0.719583,-0.658392
431101.760809,-0.002548,0.024604,0.029046,0.086575,0.204125,0.719842,-0.657773
431101.777476,-0.002529,0.024843,0.029082,0.087488,0.204603,0.719933,-0.657404
431101.794144,-0.002555,0.025069,0.029108,0.088054,0.205357,0.719683,-0.657367
431101.810812,-0.002610,0.025267,0.029105,0.088245,0.206627,0.719116,-0.657564
431101.827480,-0.003102,0.025083,0.029474,0.087674,0.208093,0.718377,-0.657986
431101.844148,-0.003322,0.025081,0.029535,0.087750,0.209889,0.717686,-0.658158
431101.860816,-0.003436,0.025077,0.029357,0.088807,0.211683,0.717080,-0.658103
431101.877484,-0.003514,0.024997,0.028969,0.090675,0.213667,0.716475,-0.657866
431101.894152,-0.003578,0.024824,0.028394,0.092904,0.216202,0.715739,-0.657528
431101.910820,-0.003633,0.024592,0.027746,0.094690,0.219106,0.714935,-0.657186
431101.927488,-0.003700,0.023942,0.027403,0.095074,0.221670,0.714221,-0.657048
431101.944156,-0.003786,0.023551,0.027039,0.095178,0.223882,0.713420,-0.657152
431101.960824,-0.003894,0.023237,0.026704,0.095319,0.225273,0.712657,-0.657485
431101.977492,-0.004029,0.022961,0.026420,0.095286,0.225967,0.711982,-0.657983
431101.994159,-0.004184,0.022707,0.026192,0.094673,0.226376,0.711397,-0.658563
431102.010827,-0.004333,0.022468,0.025972,0.093624,0.226808,0.710827,-0.659180
431102.027495,-0.004412,0.022033,0.025993,0.092095,0.227155,0.710408,-0.659727
431102.044163,-0.004442,0.021796,0.025931,0.090249,0.227655,0.710086,-0.660156
431102.060831,-0.004437,0.021674,0.025930,0.087552,0.228240,0.709843,-0.660578
431102.077499,-0.004419,0.021628,0.026017,0.084424,0.228839,0.709675,-0.660959
431102.094167,-0.004401,0.021621,0.026162,0.081996,0.228811,0.709660,-0.661290
431102.110835,-0.004394,0.021619,0.026325,0.080751,0.227707,0.709765,-0.661712
431102.127503,-0.004413,0.021628,0.026486,0.080882,0.226310,0.709842,-0.662093
431102.144171,-0.004389,0.021431,0.026577,0.081828,0.224625,0.709941,-0.662444
431102.160839,-0.004362,0.021419,0.026699,0.082768,0.223431,0.710040,-0.662624
431102.177507,-0.004298,0.021513,0.026854,0.082932,0.222954,0.710160,-0.662636
431102.194175,-0.004205,0.021681,0.027066,0.082230,0.222847,0.710333,-0.662574
431102.210843,-0.004107,0.021900,0.027337,0.081311,0.222574,0.710586,-0.662508
431102.227511,-0.004388,0.022244,0.027837,0.080473,0.221705,0.710934,-0.662529
431102.244179,-0.004500,0.022561,0.028323,0.079971,0.220207,0.711336,-0.662657
431102.260847,-0.004595,0.022878,0.028838,0.079895,0.218042,0.711727,-0.662962
431102.277515,-0.004720,0.023180,0.029356,0.080422,0.215345,0.712004,-0.663483
431102.294182,-0.004884,0.023447,0.029852,0.081267,0.212558,0.712121,-0.664153
431102.310850,-0.005082,0.023672,0.030290,0.082051,0.210264,0.712014,-0.664901
431102.327518,-0.005603,0.023784,0.030716,0.082299,0.208887,0.711730,-0.665608
431102.344186,-0.005923,0.023943,0.031052,0.081918,0.208128,0.711489,-0.666150
431102.360854,-0.006177,0.024108,0.031334,0.080903,0.207823,0.711307,-0.666563
431102.377522,-0.006420,0.024255,0.031580,0.079746,0.207592,0.711088,-0.667008
431102.394190,-0.006658,0.024384,0.031812,0.078547,0.207254,0.710808,-0.667554
431102.410858,-0.006916,0.024517,0.032061,0.076855,0.207132,0.710348,-0.668278
431102.427526,-0.007211,0.024654,0.032317,0.075015,0.207060,0.709769,-0.669124
431102.444194,-0.007534,0.024699,0.032507,0.073640,0.206605,0.709170,-0.670052
431102.460862,-0.007864,0.024484,0.032506,0.073282,0.205452,0.708776,-0.670862
431102.477530,-0.008133,0.024450,0.032630,0.073825,0.203666,0.708668,-0.671461
431102.494198,-0.008338,0.024481,0.032808,0.074359,0.201777,0.708678,-0.671962
431102.510866,-0.008494,0.024566,0.033014,0.073944,0.200663,0.708608,-0.672415
431102.527533,-0.008717,0.024705,0.033401,0.072520,0.200371,0.708548,-0.672720
431102.544201,-0.008851,0.024871,0.033702,0.070608,0.200394,0.708382,-0.673092
431102.560869,-0.008986,0.025051,0.033976,0.068849,0.200249,0.708081,-0.673633
431102.577537,-0.009153,0.025226,0.034246,0.067672,0.199585,0.707625,-0.674428
431102.594205,-0.009348,0.025387,0.034523,0.067101,0.198387,0.707117,-0.675371
431102.610873,-0.009533,0.025544,0.034842,0.066749,0.196772,0.706657,-0.676359
431102.627541,-0.009697,0.025699,0.035205,0.066248,0.195004,0.706325,-0.677267
431102.644209,-0.009832,0.025840,0.035547,0.065775,0.193270,0.706054,-0.678092
431102.660877,-0.009826,0.025711,0.036048,0.065725,0.191724,0.705995,-0.678597
431102.677545,-0.009840,0.025720,0.036280,0.066362,0.190413,0.706072,-0.678823
431102.694213,-0.009859,0.025769,0.036358,0.066962,0.189754,0.706142,-0.678876
431102.710881,-0.009896,0.025836,0.036350,0.066917,0.189910,0.706173,-0.678805
431102.727549,-0.009942,0.025901,0.036300,0.066587,0.190432,0.706130,-0.678736
431102.744217,-0.010063,0.025901,0.036281,0.066556,0.190750,0.706123,-0.678657
431102.760884,-0.010131,0.025920,0.036264,0.066832,0.190501,0.706221,-0.678597
431102.777552,-0.010172,0.025955,0.036305,0.067123,0.189850,0.706401,-0.678564
431102.794220,-0.010192,0.026018,0.036422,0.067171,0.188978,0.706636,-0.678558
431102.810888,-0.010196,0.026107,0.036588,0.067009,0.188070,0.706870,-0.678583
431102.827556,-0.010187,0.026215,0.036764,0.066630,0.187411,0.707072,-0.678592
431102.844224,-0.010183,0.026311,0.036955,0.066290,0.186969,0.707241,-0.678571
431102.860892,-0.010195,0.026349,0.037191,0.066274,0.186587,0.707456,-0.678454
431102.877560,-0.010135,0.026432,0.037345,0.066405,0.186051,0.707679,-0.678356
431102.894228,-0.010030,0.026545,0.037493,0.066469,0.185449,0.707986,-0.678194
431102.910896,-0.009873,0.026684,0.037645,0.066709,0.184640,0.708494,-0.677860
431102.927564,-0.009681,0.026844,0.037808,0.067114,0.183656,0.709193,-0.677356
431102.944232,-0.009493,0.027016,0.037978,0.067241,0.182774,0.709829,-0.676916
431102.960900,-0.009539,0.027142,0.038041,0.066870,0.182405,0.710079,-0.676790
431102.977568,-0.009542,0.027282,0.038125,0.066304,0.182477,0.710057,-0.676849
431102.994236,-0.009553,0.027410,0.038193,0.065724,0.182735,0.709904,-0.676996
431103.010904,-0.009584,0.027521,0.038260,0.065264,0.182844,0.709737,-0.677187
431103.027571,-0.009636,0.027599,0.038313,0.065326,0.182513,0.709609,-0.677404
431103.044239,-0.009869,0.027439,0.038216,0.065743,0.182045,0.709431,-0.677677
431103.060907,-0.009982,0.027366,0.038158,0.066282,0.181615,0.709343,-0.677832
431103.077575,-0.010036,0.027327,0.038104,0.066572,0.181494,0.709355,-0.677823
431103.094243,-0.010068,0.027314,0.038042,0.066678,0.181575,0.709441,-0.677700
431103.110911,-0.010098,0.027321,0.037968,0.066921,0.181642,0.709515,-0.677581
431103.127579,-0.010228,0.027291,0.038102,0.067336,0.181482,0.709557,-0.677539
431103.144247,-0.010309,0.027297,0.038115,0.067694,0.181335,0.709537,-0.677563
431103.160915,-0.010384,0.027317,0.038104,0.067733,0.181295,0.709445,-0.677667
431103.177583,-0.010456,0.027347,0.038101,0.067494,0.181354,0.709353,-0.677772
431103.194251,-0.010510,0.027374,0.038089,0.067480,0.181264,0.709332,-0.677818
431103.210919,-0.010542,0.027392,0.038050,0.067795,0.181079,0.709366,-0.677801
431103.227587,-0.010550,0.027417,0.037997,0.068346,0.180803,0.709544,-0.677634
431103.244255,-0.010577,0.027189,0.038131,0.068966,0.180502,0.709756,-0.677429
431103.260922,-0.010591,0.027131,0.038180,0.069368,0.180205,0.709982,-0.677230
431103.277591,-0.010621,0.027136,0.038249,0.069427,0.179796,0.710139,-0.677168
431103.294258,-0.010678,0.027158,0.038337,0.069337,0.179280,0.710167,-0.677284
431103.310926,-0.010736,0.027173,0.038403,0.069479,0.178734,0.710139,-0.677443
431103.327594,-0.010810,0.027061,0.038387,0.069831,0.178236,0.710211,-0.677463
431103.344262,-0.010848,0.027043,0.038396,0.070028,0.177872,0.710362,-0.677380
431103.360930,-0.010899,0.027054,0.038399,0.069884,0.177841,0.710390,-0.677374
431103.377598,-0.010963,0.027062,0.038358,0.069862,0.177924,0.710337,-0.677410
431103.394266,-0.011017,0.027061,0.038254,0.070404,0.177924,0.710370,-0.677318
431103.410934,-0.011061,0.027060,0.038119,0.071326,0.177829,0.710535,-0.677074
431103.427602,-0.011113,0.027063,0.038002,0.072196,0.177635,0.710685,-0.676876
431103.444270,-0.011189,0.027068,0.037934,0.072593,0.177491,0.710713,-0.676841
431103.460938,-0.011323,0.026960,0.037952,0.072402,0.177456,0.710614,-0.676975
431103.477606,-0.011463,0.026918,0.037941,0.072202,0.177559,0.710462,-0.677129
431103.494273,-0.011627,0.026888,0.037916,0.072203,0.177582,0.710274,-0.677320
431103.510942,-0.011819,0.026853,0.037892,0.072400,0.177464,0.710018,-0.677598
431103.527609,-0.012068,0.026680,0.037801,0.072590,0.177382,0.709702,-0.677930
431103.544277,-0.012282,0.026584,0.037768,0.072926,0.177207,0.709480,-0.678172
431103.560945,-0.012460,0.026510,0.037717,0.073663,0.176971,0.709378,-0.678261
431103.577613,-0.012603,0.026455,0.037642,0.074662,0.176765,0.709400,-0.678182
431103.594281,-0.012731,0.026427,0.037581,0.075561,0.176516,0.709514,-0.678028
431103.610949,-0.012862,0.026417,0.037546,0.076222,0.176338,0.709570,-0.677942
431103.627617,-0.012981,0.026416,0.037514,0.076967,0.176129,0.709635,-0.677845
431103.644285,-0.013117,0.026474,0.037546,0.077744,0.175991,0.709757,-0.677663
431103.660953,-0.013195,0.026524,0.037564,0.078129,0.175946,0.709909,-0.677472
431103.677621,-0.013245,0.026591,0.037600,0.078297,0.175874,0.710050,-0.677323
431103.694289,-0.013254,0.026666,0.037658,0.078721,0.175439,0.710277,-0.677149
431103.710957,-0.013198,0.026751,0.037745,0.079488,0.174548,0.710736,-0.676808
431103.727625,-0.013034,0.026735,0.037830,0.080292,0.173342,0.711452,-0.676270
431103.744292,-0.012877,0.026792,0.037965,0.080909,0.172127,0.712252,-0.675665
431103.760961,-0.012719,0.026856,0.038075,0.081607,0.171005,0.712988,-0.675090
431103.777628,-0.012547,0.026922,0.038107,0.082632,0.170239,0.713693,-0.674413
431103.794296,-0.012348,0.026991,0.038055,0.083872,0.169852,0.714461,-0.673544
431103.810964,-0.012140,0.027061,0.037947,0.085028,0.169725,0.715240,-0.672603
431103.827632,-0.012096,0.027070,0.037835,0.085416,0.170063,0.715783,-0.671891
431103.844300,-0.012015,0.027115,0.037762,0.084908,0.170909,0.716091,-0.671412
431103.860968,-0.011938,0.027168,0.037716,0.083971,0.171889,0.716246,-0.671114
431103.877636,-0.011855,0.027218,0.037655,0.083421,0.172696,0.716442,-0.670766
431103.894304,-0.011786,0.027260,0.037557,0.083577,0.173200,0.716774,-0.670263
431103.910972,-0.011755,0.027298,0.037443,0.084476,0.173351,0.717170,-0.669687
431103.927640,-0.011671,0.027095,0.037222,0.086099,0.172582,0.717587,-0.669232
431103.944308,-0.011675,0.027052,0.037186,0.087848,0.171357,0.717980,-0.668897
431103.960976,-0.011689,0.027092,0.037293,0.088838,0.170111,0.718393,-0.668642
431103.977644,-0.011706,0.027191,0.037489,0.088486,0.169558,0.718685,-0.668514
431103.994312,-0.011757,0.027321,0.037689,0.087538,0.169567,0.718792,-0.668523
431104.010980,-0.011858,0.027430,0.037848,0.087017,0.169440,0.718711,-0.668709
431104.027647,-0.012051,0.027411,0.038000,0.087195,0.169075,0.718534,-0.668969
431104.044315,-0.012201,0.027444,0.038084,0.088059,0.168473,0.718429,-0.669120
431104.060983,-0.012351,0.027503,0.038162,0.088982,0.167793,0.718354,-0.669250
431104.077651,-0.012527,0.027544,0.038241,0.089708,0.167242,0.718036,-0.669632
431104.094319,-0.012715,0.027543,0.038271,0.090667,0.166886,0.717498,-0.670168
431104.110987,-0.012873,0.027484,0.038189,0.092529,0.166527,0.716980,-0.670557
431104.127655,-0.013015,0.027414,0.038024,0.095158,0.166264,0.716636,-0.670623
431104.144323,-0.013076,0.027347,0.037801,0.097197,0.166557,0.716495,-0.670408
431104.160991,-0.013117,0.027317,0.037650,0.097637,0.167488,0.716306,-0.670314
431104.177659,-0.013145,0.027326,0.037664,0.096684,0.168165,0.716068,-0.670536
431104.194327,-0.013155,0.027369,0.037848,0.094901,0.168262,0.715893,-0.670954
431104.210995,-0.013160,0.027437,0.038114,0.092924,0.167900,0.715705,-0.671522
431104.227663,-0.013201,0.027384,0.038338,0.091196,0.167552,0.715468,-0.672098
431104.244331,-0.013212,0.027387,0.038453,0.090345,0.167441,0.715252,-0.672470
431104.260998,-0.013163,0.027412,0.038447,0.090584,0.167458,0.715226,-0.672462
431104.277666,-0.013020,0.027471,0.038409,0.091334,0.167279,0.715580,-0.672028
431104.294334,-0.012798,0.027572,0.038415,0.091662,0.167205,0.716214,-0.671325
431104.311002,-0.012549,0.027687,0.038450,0.091486,0.167173,0.716899,-0.670626
431104.327670,-0.012192,0.027827,0.038604,0.090906,0.167513,0.717371,-0.670115
431104.344338,-0.011952,0.027920,0.038661,0.090377,0.167885,0.717643,-0.669803
431104.361006,-0.011789,0.027981,0.038671,0.090254,0.168046,0.717749,-0.669665
431104.377674,-0.011671,0.028019,0.038662,0.090484,0.167916,0.717763,-0.669652
431104.394342,-0.011562,0.028048,0.038670,0.090593,0.167728,0.717772,-0.669674
431104.411010,-0.011436,0.028084,0.038706,0.090261,0.167674,0.717862,-0.669637
431104.427678,-0.011313,0.028125,0.038756,0.089604,0.167827,0.717969,-0.669571
431104.444346,-0.011278,0.028107,0.038869,0.088973,0.167969,0.718021,-0.669564
431104.461014,-0.011227,0.028099,0.038936,0.088540,0.167886,0.718042,-0.669620
431104.477682,-0.011191,0.028081,0.038943,0.088499,0.167787,0.718008,-0.669686
431104.494349,-0.011159,0.028055,0.038879,0.088875,0.167862,0.717985,-0.669642
431104.511017,-0.011118,0.028056,0.038808,0.089137,0.168205,0.718043,-0.669459
431104.527685,-0.010911,0.028092,0.038842,0.088924,0.168216,0.718229,-0.669285
431104.544353,-0.010829,0.028190,0.039026,0.088289,0.167680,0.718439,-0.669278
431104.561021,-0.010837,0.028313,0.039291,0.087884,0.166667,0.718478,-0.669543
431104.577689,-0.010900,0.028440,0.039560,0.088063,0.165352,0.718406,-0.669922
431104.594357,-0.010979,0.028562,0.039779,0.088676,0.164438,0.718308,-0.670172
431104.611025,-0.011048,0.028711,0.039937,0.089455,0.164224,0.718234,-0.670200
431104.627693,-0.011103,0.028899,0.040093,0.090246,0.164256,0.718259,-0.670059
431104.644361,-0.011206,0.029124,0.040318,0.091589,0.164023,0.718432,-0.669749
431104.661029,-0.011380,0.029386,0.040616,0.093730,0.163440,0.718685,-0.669323
431104.677697,-0.011525,0.029662,0.040846,0.096218,0.162771,0.718906,-0.668895
431104.694365,-0.011751,0.029988,0.041145,0.098350,0.162076,0.718956,-0.668701
431104.711033,-0.012118,0.030343,0.041568,0.100028,0.161271,0.718707,-0.668914
431104.727701,-0.012650,0.030691,0.042086,0.101450,0.160188,0.718107,-0.669604
431104.744369,-0.013405,0.030821,0.042554,0.102977,0.159193,0.717194,-0.670587
431104.761036,-0.014223,0.031043,0.043021,0.105494,0.157939,0.716316,-0.671430
431104.777704,-0.015082,0.031280,0.043557,0.108306,0.156199,0.715558,-0.672196
431104.794372,-0.016003,0.031523,0.044255,0.110374,0.154030,0.714827,-0.673138
431104.811040,-0.016955,0.031749,0.045095,0.111687,0.151447,0.714134,-0.674242
431104.827708,-0.017951,0.031999,0.046049,0.112164,0.148974,0.713466,-0.675420
431104.844376,-0.018936,0.032179,0.046991,0.111646,0.146940,0.712712,-0.676746
431104.861044,-0.019946,0.032328,0.047856,0.110586,0.145523,0.711732,-0.678256
431104.877712,-0.020988,0.032464,0.048614,0.109345,0.144601,0.710489,-0.679955
431104.894380,-0.022022,0.032587,0.049251,0.108032,0.143976,0.709165,-0.681678
431104.911048,-0.023001,0.032682,0.049735,0.106886,0.143697,0.707919,-0.683211
431104.927716,-0.023858,0.032737,0.050072,0.106233,0.143529,0.706926,-0.684375
431104.944384,-0.024625,0.032939,0.050203,0.105703,0.143459,0.706251,-0.685168
431104.961052,-0.025295,0.033004,0.050353,0.104674,0.143664,0.705585,-0.685969
431104.977719,-0.025915,0.033020,0.050462,0.103796,0.144067,0.704872,-0.686751
431104.994388,-0.026457,0.033007,0.050472,0.104419,0.143784,0.704355,-0.687246
431105.011056,-0.026956,0.032965,0.050446,0.105661,0.142902,0.703994,-0.687610
431105.027723,-0.027463,0.032898,0.050433,0.106628,0.142043,0.703628,-0.688013
431105.044391,-0.027939,0.032856,0.050734,0.107709,0.141004,0.703240,-0.688455
431105.061059,-0.028393,0.032742,0.050808,0.109103,0.139911,0.702913,-0.688792
431105.077727,-0.028780,0.032622,0.050808,0.110340,0.139033,0.702814,-0.688874
431105.094395,-0.029115,0.032538,0.050810,0.110640,0.138710,0.702868,-0.688836
431105.111063,-0.029464,0.032482,0.050808,0.109907,0.139087,0.702811,-0.688935
431105.127731,-0.029862,0.032416,0.050730,0.109695,0.139662,0.702621,-0.689047
431105.144399,-0.030748,0.032442,0.050916,0.110398,0.140050,0.702277,-0.689206
431105.161067,-0.031359,0.032362,0.050874,0.111332,0.140059,0.701920,-0.689418
431105.177735,-0.031859,0.032272,0.050802,0.111741,0.140176,0.701536,-0.689719
431105.194403,-0.032289,0.032210,0.050749,0.111629,0.140413,0.701222,-0.690008
431105.211071,-0.032678,0.032174,0.050697,0.111389,0.140624,0.701002,-0.690227
431105.227738,-0.033040,0.032146,0.050603,0.111817,0.140766,0.700799,-0.690335
431105.244406,-0.033483,0.031787,0.050530,0.112846,0.140763,0.700652,-0.690318
431105.261074,-0.033815,0.031621,0.050351,0.114268,0.140888,0.700519,-0.690193
431105.277742,-0.034077,0.031515,0.050129,0.115579,0.141241,0.700463,-0.689960
431105.294410,-0.034341,0.031454,0.049928,0.116380,0.141772,0.700430,-0.689749
431105.311078,-0.034702,0.031402,0.049815,0.116368,0.142177,0.700151,-0.689951
431105.327746,-0.035205,0.031330,0.049818,0.116043,0.142145,0.699455,-0.690719
431105.344414,-0.035953,0.031195,0.050203,0.115770,0.141490,0.698548,-0.691815
431105.361082,-0.036595,0.031040,0.050390,0.115777,0.140553,0.697776,-0.692783
431105.377750,-0.037128,0.030884,0.050456,0.115551,0.140106,0.697292,-0.693399
431105.394418,-0.037576,0.030736,0.050405,0.115160,0.140389,0.697093,-0.693607
431105.411086,-0.037971,0.030586,0.050246,0.115268,0.140911,0.697013,-0.693563
431105.427754,-0.038430,0.030377,0.050095,0.115818,0.141323,0.696996,-0.693404
431105.444422,-0.038829,0.030189,0.049923,0.116394,0.141454,0.696871,-0.693408
431105.461090,-0.039208,0.030023,0.049764,0.116323,0.141668,0.696546,-0.693702
431105.477757,-0.039534,0.029879,0.049609,0.115321,0.142353,0.696054,-0.694223
431105.494425,-0.039759,0.029765,0.049447,0.113596,0.143517,0.695586,-0.694737
431105.511093,-0.039867,0.029686,0.049255,0.111915,0.144855,0.695290,-0.695028
431105.527761,-0.039780,0.029393,0.049012,0.110708,0.145821,0.695161,-0.695148
431105.544429,-0.039657,0.029239,0.048727,0.110550,0.146473,0.695208,-0.694990
431105.561097,-0.039470,0.029102,0.048369,0.111347,0.146795,0.695405,-0.694597
431105.577765,-0.039232,0.028963,0.047952,0.112575,0.147122,0.695615,-0.694119
431105.594433,-0.038941,0.028852,0.047543,0.113525,0.147571,0.695899,-0.693584
431105.611101,-0.038584,0.028794,0.047192,0.113394,0.148429,0.696253,-0.693067
431105.627769,-0.038144,0.028805,0.046861,0.111910,0.150047,0.696761,-0.692450
431105.644437,-0.037562,0.028817,0.046653,0.110262,0.152416,0.697566,-0.691385
431105.661105,-0.036878,0.028804,0.046485,0.109645,0.154885,0.698540,-0.689950
431105.677773,-0.036211,0.028793,0.045977,0.110793,0.156901,0.699586,-0.688249
431105.694441,-0.035495,0.028759,0.045347,0.113316,0.158344,0.700769,-0.686302
431105.711109,-0.034671,0.028713,0.044687,0.115965,0.159630,0.702202,-0.684093
431105.727776,-0.033732,0.028693,0.044016,0.118394,0.161318,0.704047,-0.681378
431105.744445,-0.032841,0.028461,0.043444,0.120418,0.163505,0.705948,-0.678530
431105.761112,-0.031929,0.028400,0.042725,0.122087,0.166305,0.707634,-0.675789
431105.777780,-0.031078,0.028367,0.041959,0.123401,0.169351,0.708906,-0.673457
431105.794448,-0.030313,0.028310,0.041247,0.124492,0.171999,0.709719,-0.671727
431105.811116,-0.029654,0.028212,0.040669,0.125730,0.173253,0.710154,-0.670714
431105.827784,-0.029133,0.028114,0.040278,0.127420,0.172563,0.710486,-0.670221
431105.844452,-0.028757,0.027639,0.040244,0.128513,0.171130,0.710703,-0.670149
431105.861120,-0.028333,0.027426,0.040230,0.129334,0.169811,0.710880,-0.670139
431105.877788,-0.027877,0.027333,0.040258,0.130290,0.168093,0.711190,-0.670058
431105.894456,-0.027412,0.027320,0.040340,0.131395,0.166005,0.711691,-0.669831
431105.911124,-0.026927,0.027351,0.040416,0.133242,0.163376,0.712405,-0.669353
431105.927792,-0.026439,0.027411,0.040453,0.135753,0.160704,0.713267,-0.668577
431105.944460,-0.026286,0.027394,0.040629,0.138255,0.158065,0.714190,-0.667708
431105.961127,-0.026001,0.027477,0.040707,0.140418,0.155879,0.715015,-0.666887
431105.977796,-0.025675,0.027587,0.040760,0.141510,0.154738,0.715731,-0.666153
431105.994463,-0.025387,0.027679,0.040787,0.142194,0.153821,0.716293,-0.665615
431106.011131,-0.025241,0.027696,0.040804,0.143534,0.152062,0.716546,-0.665460
431106.027799,-0.025245,0.027654,0.040898,0.145459,0.149720,0.716373,-0.665759
431106.044467,-0.025306,0.027609,0.040993,0.147078,0.147059,0.716231,-0.666150
431106.061135,-0.025315,0.027636,0.041102,0.147509,0.144911,0.716431,-0.666309
431106.077803,-0.025179,0.027721,0.041283,0.147418,0.143547,0.717068,-0.665940
431106.094471,-0.024910,0.027821,0.041370,0.147606,0.143055,0.718066,-0.664928
431106.111139,-0.024621,0.027919,0.041367,0.148588,0.142505,0.719144,-0.663661
431106.127807,-0.024470,0.027997,0.041333,0.150927,0.141122,0.719833,-0.662681
431106.144475,-0.024538,0.028141,0.041380,0.154371,0.138754,0.719990,-0.662217
431106.161143,-0.024672,0.028213,0.041513,0.157453,0.136257,0.719677,-0.662350
431106.177811,-0.024770,0.028329,0.041894,0.158236,0.133948,0.719223,-0.663127
431106.194479,-0.024845,0.028613,0.042518,0.154595,0.133788,0.718811,-0.664464
431106.211147,-0.024929,0.028960,0.043125,0.149763,0.134927,0.718231,-0.665966
431106.227815,-0.025044,0.029282,0.043649,0.146663,0.135303,0.717797,-0.667046
