timestamp,x,y,z,rx,ry,rz
431095.993702,0.000000,0.000000,0.000000,0.000000,0.000000,0.000000
431096.010370,0.000000,0.000000,0.000000,0.003773,0.000346,-0.002294
431096.027038,0.000000,0.000000,0.000000,0.009043,0.000175,-0.005380
431096.043706,0.000000,0.000000,0.000000,0.011567,0.000183,-0.006539
431096.060374,0.000000,0.000000,0.000000,0.015873,0.001008,-0.007568
431096.077042,0.000000,0.000000,0.000000,0.017598,0.001636,-0.007370
431096.093710,0.000000,0.000000,0.000000,0.019572,0.002983,-0.006181
431096.110378,0.000000,0.000000,0.000000,0.019511,0.004606,-0.005022
431096.127046,0.000000,0.000000,0.000000,0.018877,0.005149,-0.004478
431096.143714,0.000000,0.000000,0.000000,0.016682,0.004226,-0.003978
431096.160382,0.000000,0.000000,0.000000,0.015525,0.001040,-0.005032
431096.177050,0.000000,0.000000,0.000000,0.016018,-0.000391,-0.006116
431096.193718,0.000000,0.000000,0.000000,0.018750,-0.001347,-0.009354
431096.210386,0.000000,0.000000,0.000000,0.021781,-0.000418,-0.014080
431096.227054,0.000000,0.000000,0.000000,0.022377,-0.000208,-0.016687
431096.243722,0.000000,0.000000,0.000000,0.020762,-0.000928,-0.021601
431096.260390,0.000000,0.000000,0.000000,0.015433,-0.001995,-0.024943
431096.277058,0.000000,0.000000,0.000000,0.012016,-0.002363,-0.025708
431096.293726,0.000000,0.000000,0.000000,0.003529,-0.003084,-0.025483
431096.310393,0.000000,0.000000,0.000000,-0.004145,-0.006139,-0.023875
431096.327062,0.000000,0.000000,0.000000,-0.007151,-0.008140,-0.023249
431096.343729,0.000000,0.000000,0.000000,-0.010521,-0.012895,-0.022655
431096.360397,0.000000,0.000000,0.000000,-0.011367,-0.019456,-0.023133
431096.377065,0.000000,0.000000,0.000000,-0.010831,-0.023439,-0.023743
431096.393733,0.000000,0.000000,0.000000,-0.008319,-0.030575,-0.025753
431096.410401,0.000000,0.000000,0.000000,-0.004907,-0.035320,-0.028182
431096.427069,0.000000,0.000000,0.000000,-0.003980,-0.036657,-0.029515
431096.443737,0.000000,0.000000,0.000000,-0.004045,-0.037777,-0.032415
431096.460405,0.000000,0.000000,0.000000,-0.004321,-0.036963,-0.035102
431096.477073,0.000000,0.000000,0.000000,-0.003433,-0.035793,-0.036018
431096.493741,0.000000,0.000000,0.000000,0.000749,-0.032456,-0.036822
431096.510409,0.000000,0.000000,0.000000,0.007074,-0.028781,-0.037009
431096.527077,0.000000,0.000000,0.000000,0.010689,-0.026651,-0.037318
431096.543745,0.000000,0.000000,0.000000,0.018529,-0.020954,-0.038478
431096.560413,0.000000,0.000000,0.000000,0.027945,-0.013632,-0.040233
431096.577081,0.000000,0.000000,0.000000,0.031282,-0.010521,-0.041190
431096.593749,0.000000,0.000000,0.000000,0.031951,-0.006550,-0.042573
431096.610417,0.000000,0.000000,0.000000,0.026787,-0.005487,-0.042691
431096.627084,0.000000,0.000000,0.000000,0.023579,-0.005594,-0.042482
431096.643752,0.000000,0.000000,0.000000,0.017104,-0.005846,-0.042248
431096.660420,0.000000,0.000000,0.000000,0.015080,-0.005660,-0.042256
431096.677088,0.000000,0.000000,0.000000,0.014249,-0.004152,-0.042713
431096.693756,0.000000,0.000000,0.000000,0.015334,-0.002183,-0.043785
431096.710424,0.000000,0.000000,0.000000,0.015718,-0.001295,-0.044509
431096.727092,0.000000,0.000000,0.000000,0.016431,-0.000050,-0.045983
431096.743760,0.000000,0.000000,0.000000,0.017510,0.001109,-0.046584
431096.760428,0.000000,0.000000,0.000000,0.018161,0.001712,-0.046554
431096.777096,0.000000,0.000000,0.000000,0.018994,0.002968,-0.046119
431096.793764,0.000000,0.000000,0.000000,0.019239,0.003940,-0.045575
431096.810432,0.000000,0.000000,0.000000,0.019284,0.004205,-0.045340
431096.827100,0.000000,0.000000,0.000000,0.020269,0.004025,-0.045051
431096.843768,0.000000,0.000000,0.000000,0.022211,0.003375,-0.044769
431096.860436,-0.000000,-0.000000,0.000000,0.023426,0.000891,-0.039237
431096.877104,0.000066,0.000165,-0.000102,0.024837,0.000673,-0.039756
431096.893771,0.000118,0.000370,-0.000204,0.025557,0.000342,-0.040827
431096.910439,-0.000477,0.001346,0.000154,0.016240,-0.012184,-0.037709
431096.927107,-0.000683,0.001751,0.000096,0.014996,-0.013630,-0.037937
431096.943775,-0.000754,0.001982,-0.000041,0.013852,-0.015573,-0.037801
431096.960443,-0.000791,0.002181,-0.000148,0.013159,-0.016976,-0.037842
431096.977111,-0.000827,0.002387,-0.000138,0.014057,-0.017139,-0.038445
431096.993779,-0.000872,0.002590,-0.000016,0.016295,-0.016240,-0.039320
431097.010447,-0.000904,0.002723,0.000325,0.013684,-0.022991,-0.042037
431097.027115,-0.000924,0.002848,0.000516,0.015201,-0.021638,-0.042233
431097.043783,-0.001091,0.002998,0.000604,0.015575,-0.021232,-0.041492
431097.060451,-0.001132,0.003064,0.000722,0.015146,-0.020731,-0.040718
431097.077119,-0.001133,0.003100,0.000897,0.015063,-0.019754,-0.040169
431097.093787,-0.001118,0.003100,0.001127,0.015739,-0.018129,-0.039569
431097.110455,-0.001080,0.003030,0.001491,0.014232,-0.021407,-0.040414
431097.127123,-0.001037,0.002966,0.001731,0.015385,-0.019223,-0.039577
431097.143791,-0.001347,0.002805,0.001865,0.016205,-0.017996,-0.038709
431097.160458,-0.001455,0.002697,0.001949,0.015801,-0.017145,-0.037725
431097.177126,-0.001508,0.002603,0.001968,0.014867,-0.017114,-0.036712
431097.193794,-0.001551,0.002528,0.001940,0.013615,-0.017385,-0.035884
431097.210462,-0.001597,0.002476,0.001907,0.012972,-0.017399,-0.035554
431097.227130,-0.001712,0.002563,0.002136,0.010316,-0.020917,-0.037163
431097.243798,-0.001782,0.002583,0.002176,0.011390,-0.020504,-0.037383
431097.260466,-0.001821,0.002561,0.002191,0.012509,-0.019693,-0.037339
431097.277134,-0.001835,0.002498,0.002236,0.013903,-0.018216,-0.036809
431097.293802,-0.001831,0.002379,0.002308,0.015854,-0.016628,-0.035893
431097.310470,-0.001817,0.002233,0.002392,0.016280,-0.016341,-0.034716
431097.327138,-0.001808,0.002084,0.002447,0.017056,-0.015117,-0.033499
431097.343806,-0.001529,0.001878,0.002510,0.017441,-0.013546,-0.032338
431097.360474,-0.001429,0.001736,0.002617,0.017846,-0.011633,-0.031355
431097.377142,-0.001398,0.001622,0.002732,0.018750,-0.009726,-0.030506
431097.393810,-0.001413,0.001517,0.002804,0.019905,-0.008676,-0.029707
431097.410478,-0.001456,0.001418,0.002819,0.020459,-0.009305,-0.028989
431097.427145,-0.001510,0.001349,0.002843,0.020511,-0.009318,-0.028640
431097.443813,-0.001517,0.000950,0.002706,0.020817,-0.008528,-0.028587
431097.460481,-0.001544,0.000826,0.002819,0.020441,-0.007084,-0.028859
431097.477149,-0.001574,0.000825,0.003068,0.019825,-0.005045,-0.029304
431097.493817,-0.001619,0.000881,0.003469,0.019767,-0.001773,-0.029762
431097.510485,-0.001676,0.000934,0.003959,0.022149,0.006641,-0.030201
431097.527153,-0.001726,0.000946,0.004598,0.023544,0.012005,-0.029785
431097.543821,-0.001700,0.000758,0.005326,0.023223,0.015683,-0.029264
431097.560489,-0.001732,0.000682,0.005730,0.019707,0.016796,-0.028479
431097.577157,-0.001803,0.000683,0.005930,0.014912,0.016243,-0.027898
431097.593825,-0.001902,0.000738,0.006070,0.011455,0.015413,-0.028105
431097.610493,-0.002023,0.000811,0.006195,0.011986,0.016928,-0.030660
431097.627161,-0.002143,0.000954,0.006330,0.012038,0.017268,-0.032100
431097.643829,-0.001955,0.000994,0.006416,0.012924,0.017617,-0.033585
431097.660497,-0.001954,0.001096,0.006448,0.013632,0.017649,-0.034674
431097.677164,-0.002004,0.001167,0.006454,0.014476,0.017618,-0.035279
431097.693833,-0.002052,0.001176,0.006456,0.015045,0.017928,-0.035235
431097.710500,-0.002075,0.001146,0.006432,0.016515,0.018919,-0.034630
431097.727168,-0.002082,0.001123,0.006408,0.016459,0.019591,-0.033827
431097.743836,-0.001826,0.001021,0.006328,0.017140,0.020637,-0.033308
431097.760504,-0.001735,0.000974,0.006278,0.018882,0.021790,-0.032874
431097.777172,-0.001708,0.000947,0.006188,0.020769,0.022329,-0.032362
431097.793840,-0.001713,0.000959,0.006007,0.021523,0.021613,-0.032048
431097.810508,-0.001700,0.001028,0.005791,0.022713,0.020937,-0.032266
431097.827176,-0.001746,0.001135,0.005604,0.021616,0.019611,-0.033098
431097.843844,-0.001816,0.001240,0.005517,0.021334,0.019237,-0.034004
431097.860512,-0.001888,0.001308,0.005579,0.022462,0.020458,-0.034535
431097.877180,-0.001944,0.001316,0.005788,0.025167,0.023003,-0.034476
431097.893848,-0.001982,0.001271,0.006082,0.027656,0.025990,-0.033886
431097.910516,-0.001811,0.001072,0.006569,0.030051,0.029279,-0.032770
431097.927184,-0.001738,0.000978,0.006960,0.030295,0.031568,-0.031777
431097.943852,-0.001711,0.000972,0.007352,0.030680,0.033697,-0.031454
431097.960519,-0.001712,0.001025,0.007823,0.031880,0.036536,-0.031920
431097.977187,-0.001731,0.001101,0.008391,0.033474,0.040370,-0.032709
431097.993855,-0.001760,0.001168,0.009018,0.034457,0.044801,-0.033291
431098.010523,-0.001790,0.001214,0.009634,0.035645,0.049280,-0.033132
431098.027191,-0.001828,0.001218,0.010190,0.035013,0.052635,-0.032567
431098.043859,-0.001760,0.000988,0.010862,0.034536,0.055394,-0.031336
431098.060527,-0.001727,0.000882,0.011405,0.034441,0.058241,-0.029841
431098.077195,-0.001702,0.000848,0.011894,0.034166,0.061549,-0.028567
431098.093863,-0.001704,0.000859,0.012291,0.033786,0.063998,-0.027933
431098.110531,-0.001679,0.000779,0.012637,0.033738,0.065538,-0.027704
431098.127199,-0.001704,0.000764,0.012786,0.032477,0.065455,-0.027538
431098.143867,-0.001736,0.000779,0.012830,0.031442,0.064940,-0.027246
431098.160535,-0.001765,0.000825,0.012825,0.030905,0.064483,-0.027177
431098.177203,-0.001808,0.000894,0.012788,0.031122,0.064042,-0.027346
431098.193871,-0.001863,0.000980,0.012732,0.031630,0.063656,-0.027578
431098.210539,-0.001759,0.000754,0.012613,0.033143,0.063985,-0.028061
431098.227206,-0.001747,0.000724,0.012523,0.033444,0.063914,-0.028050
431098.243874,-0.001773,0.000755,0.012426,0.033645,0.063644,-0.028160
431098.260542,-0.001813,0.000811,0.012296,0.033599,0.062930,-0.028482
431098.277210,-0.001864,0.000876,0.012138,0.033363,0.061799,-0.028814
431098.293878,-0.001912,0.000932,0.011982,0.033135,0.060775,-0.029005
431098.310546,-0.001956,0.000945,0.011822,0.034138,0.060356,-0.029328
431098.327214,-0.001990,0.000914,0.011674,0.034251,0.059400,-0.028847
431098.343882,-0.001846,0.000726,0.011528,0.034580,0.058329,-0.028083
431098.360550,-0.001796,0.000580,0.011417,0.034751,0.057381,-0.027181
431098.377218,-0.001771,0.000452,0.011376,0.034815,0.057061,-0.026319
431098.393886,-0.001749,0.000335,0.011410,0.034803,0.057462,-0.025581
431098.410554,-0.001734,0.000212,0.011452,0.035584,0.058703,-0.025551
431098.427222,-0.001729,0.000109,0.011484,0.034498,0.058588,-0.024984
431098.443890,-0.001566,-0.000082,0.011660,0.033356,0.058309,-0.024523
431098.460558,-0.001504,-0.000204,0.011807,0.032722,0.058579,-0.024260
431098.477225,-0.001477,-0.000314,0.012011,0.032908,0.059663,-0.024003
431098.493893,-0.001468,-0.000443,0.012265,0.033555,0.061160,-0.023476
431098.510561,-0.001415,-0.000871,0.012443,0.034552,0.063200,-0.022480
431098.527229,-0.001414,-0.001135,0.012636,0.033812,0.063944,-0.021236
431098.543897,-0.001429,-0.001316,0.012815,0.032268,0.064278,-0.020004
431098.560565,-0.001451,-0.001432,0.013006,0.030656,0.064516,-0.019200
431098.577233,-0.001485,-0.001481,0.013231,0.029381,0.065041,-0.019007
431098.593901,-0.001535,-0.001479,0.013497,0.028533,0.065973,-0.019221
431098.610569,-0.001427,-0.001685,0.013763,0.028693,0.068044,-0.019745
431098.627237,-0.001396,-0.001744,0.014118,0.028982,0.070325,-0.019612
431098.643905,-0.001382,-0.001758,0.014504,0.029598,0.072980,-0.019232
431098.660573,-0.001375,-0.001737,0.014871,0.030477,0.075498,-0.018864
431098.677241,-0.001385,-0.001669,0.015221,0.031888,0.077739,-0.018851
431098.693909,-0.001423,-0.001549,0.015588,0.033538,0.079796,-0.019358
431098.710576,-0.001489,-0.001386,0.015971,0.034660,0.082526,-0.020445
431098.727244,-0.001561,-0.001176,0.016406,0.034781,0.084903,-0.021262
431098.743912,-0.001522,-0.001278,0.016794,0.034439,0.087515,-0.022405
431098.760580,-0.001561,-0.001124,0.017305,0.033506,0.090548,-0.023748
431098.777248,-0.001626,-0.000884,0.017930,0.032807,0.094358,-0.024867
431098.793916,-0.001698,-0.000642,0.018653,0.033325,0.099044,-0.025471
431098.810584,-0.001770,-0.000440,0.019440,0.036007,0.104682,-0.026184
431098.827252,-0.001836,-0.000245,0.020274,0.038882,0.109849,-0.026112
431098.843920,-0.001709,-0.000109,0.021253,0.040894,0.114997,-0.025531
431098.860588,-0.001672,0.000102,0.022177,0.042084,0.120073,-0.025124
431098.877256,-0.001650,0.000361,0.023219,0.043605,0.126378,-0.025044
431098.893924,-0.001605,0.000634,0.024464,0.045715,0.134878,-0.024926
431098.910592,-0.001535,0.000892,0.025853,0.048488,0.145178,-0.024660
431098.927260,-0.001471,0.001173,0.027279,0.049807,0.154250,-0.024378
431098.943928,-0.001545,0.001380,0.028827,0.049068,0.162109,-0.024296
431098.960596,-0.001596,0.001692,0.030341,0.047551,0.169586,-0.024319
431098.977263,-0.001632,0.002022,0.031892,0.046015,0.177292,-0.024232
431098.993931,-0.001655,0.002358,0.033478,0.044733,0.184912,-0.024410
431099.010599,-0.001766,0.002577,0.034891,0.044098,0.193098,-0.025152
431099.027267,-0.001841,0.002873,0.036465,0.042819,0.200769,-0.026405
431099.043935,-0.001896,0.003174,0.038049,0.040814,0.208375,-0.027300
431099.060603,-0.001932,0.003441,0.039582,0.038961,0.215512,-0.027633
431099.077271,-0.001962,0.003645,0.041049,0.038032,0.222229,-0.027551
431099.093939,-0.001983,0.003780,0.042435,0.038437,0.228772,-0.027314
431099.110607,-0.002017,0.003853,0.043689,0.041030,0.235232,-0.027355
431099.127275,-0.002070,0.003890,0.044788,0.042258,0.239874,-0.027395
431099.143943,-0.002132,0.003810,0.045738,0.042271,0.243314,-0.027408
431099.160611,-0.002209,0.003761,0.046461,0.040498,0.245759,-0.026959
431099.177279,-0.002294,0.003692,0.046952,0.038156,0.246959,-0.026002
431099.193947,-0.002410,0.003594,0.047209,0.036814,0.246729,-0.024779
431099.210615,-0.002294,0.003138,0.047054,0.038917,0.246270,-0.024303
431099.227283,-0.002371,0.002858,0.046927,0.041184,0.245073,-0.024077
431099.243950,-0.002514,0.002605,0.046707,0.044058,0.243625,-0.023684
431099.260618,-0.002668,0.002350,0.046333,0.046989,0.241419,-0.022887
431099.277286,-0.002821,0.002113,0.045791,0.049767,0.238287,-0.021895
431099.293954,-0.002969,0.001915,0.045120,0.052495,0.234363,-0.021214
431099.310622,-0.003115,0.001773,0.044364,0.056468,0.230836,-0.020876
431099.327290,-0.003252,0.001698,0.043594,0.058287,0.226552,-0.020734
431099.343958,-0.002691,0.001476,0.042505,0.059572,0.222310,-0.020872
431099.360626,-0.002575,0.001427,0.041683,0.060661,0.218421,-0.021505
431099.377294,-0.002623,0.001422,0.040979,0.061463,0.214556,-0.022083
431099.393962,-0.002732,0.001412,0.040380,0.062398,0.210804,-0.022237
431099.410630,-0.002857,0.001407,0.039929,0.064918,0.209076,-0.021670
431099.427298,-0.002960,0.001401,0.039758,0.067401,0.207903,-0.021451
431099.443965,-0.002384,0.001051,0.039355,0.070107,0.208536,-0.021320
431099.460634,-0.002174,0.000913,0.039473,0.071393,0.210555,-0.021036
431099.477301,-0.002063,0.000814,0.039782,0.071080,0.212907,-0.020071
431099.493969,-0.001967,0.000707,0.040171,0.070392,0.215330,-0.018657
431099.510637,-0.001880,0.000607,0.040597,0.070535,0.219483,-0.016942
431099.527305,-0.001797,0.000502,0.041092,0.070936,0.222405,-0.015970
431099.543973,-0.001553,0.000139,0.041513,0.071996,0.225100,-0.015248
431099.560641,-0.001443,-0.000094,0.041910,0.072685,0.227470,-0.014383
431099.577309,-0.001377,-0.000308,0.042206,0.073007,0.229077,-0.013132
431099.593977,-0.001334,-0.000516,0.042377,0.073124,0.229770,-0.011812
431099.610645,-0.001257,-0.000752,0.042253,0.074372,0.231223,-0.010555
431099.627313,-0.001228,-0.000999,0.042249,0.076586,0.231746,-0.010328
431099.643981,-0.001223,-0.001298,0.042199,0.078877,0.231980,-0.010056
431099.660649,-0.001230,-0.001660,0.041996,0.079841,0.230868,-0.009204
431099.677317,-0.001230,-0.002053,0.041633,0.079164,0.228364,-0.007822
431099.693985,-0.001210,-0.002429,0.041207,0.077824,0.225434,-0.006528
431099.710653,-0.001139,-0.003114,0.040568,0.077765,0.223924,-0.006090
431099.727321,-0.001092,-0.003569,0.040143,0.078589,0.221995,-0.006079
431099.743988,-0.001044,-0.003974,0.039861,0.080844,0.221198,-0.006332
431099.760656,-0.000978,-0.004409,0.039693,0.083541,0.221374,-0.006262
431099.777324,-0.000889,-0.004906,0.039591,0.085646,0.221857,-0.005296
431099.793992,-0.000781,-0.005452,0.039521,0.086645,0.222149,-0.003459
431099.810660,-0.000652,-0.005998,0.039484,0.086755,0.222400,-0.001122
431099.827328,-0.000521,-0.006499,0.039476,0.086773,0.224160,0.000908
431099.843996,-0.000396,-0.006921,0.039573,0.086880,0.225179,0.002173
431099.860664,-0.000069,-0.007245,0.039496,0.087642,0.226413,0.002536
431099.877332,0.000072,-0.007535,0.039575,0.087636,0.227392,0.002751
431099.894000,0.000126,-0.007794,0.039663,0.086891,0.227792,0.003116
431099.910668,0.000136,-0.008018,0.039736,0.085912,0.228569,0.003291
431099.927336,0.000135,-0.008197,0.039852,0.085762,0.228974,0.003346
431099.944004,0.000200,-0.008518,0.039902,0.087276,0.229652,0.003049
431099.960672,0.000225,-0.008734,0.040043,0.088440,0.230637,0.003081
431099.977340,0.000252,-0.008923,0.040181,0.088872,0.231570,0.003784
431099.994008,0.000290,-0.009081,0.040272,0.088298,0.232268,0.004908
431100.010675,0.000327,-0.009189,0.040295,0.087587,0.232558,0.005749
431100.027343,0.000164,-0.008941,0.039867,0.085772,0.232702,0.007717
431100.044011,0.000082,-0.008871,0.039581,0.085740,0.231630,0.007921
431100.060679,0.000022,-0.008861,0.039300,0.086769,0.230227,0.007737
431100.077347,-0.000014,-0.008868,0.039043,0.088084,0.229236,0.007556
431100.094015,-0.000033,-0.008864,0.038828,0.088662,0.228921,0.007530
431100.110683,-0.000046,-0.008831,0.038621,0.088348,0.228587,0.007528
431100.127351,0.000118,-0.008937,0.038279,0.087536,0.227560,0.006961
431100.144019,0.000127,-0.008917,0.037966,0.086628,0.225714,0.006496
431100.160687,0.000075,-0.008891,0.037669,0.086909,0.223687,0.006024
431100.177355,-0.000002,-0.008893,0.037402,0.088472,0.221944,0.005777
431100.194023,-0.000067,-0.008912,0.037205,0.090566,0.221017,0.005719
431100.210691,-0.000114,-0.008925,0.037063,0.092199,0.220549,0.005769
431100.227359,-0.000088,-0.008903,0.036857,0.092653,0.219739,0.005645
431100.244027,-0.000088,-0.008869,0.036729,0.092736,0.219107,0.005854
431100.260694,-0.000110,-0.008850,0.036612,0.092958,0.218290,0.006187
431100.277362,-0.000155,-0.008843,0.036480,0.093495,0.217109,0.006636
431100.294030,-0.000230,-0.008829,0.036332,0.094172,0.215538,0.006857
431100.310698,-0.000332,-0.008791,0.036178,0.094331,0.213228,0.006661
431100.327366,-0.000456,-0.008741,0.035983,0.095129,0.211360,0.006023
431100.344034,-0.000612,-0.008513,0.035680,0.096108,0.209003,0.005500
431100.360702,-0.000760,-0.008423,0.035283,0.096706,0.205438,0.004613
431100.377370,-0.000932,-0.008374,0.034776,0.097272,0.200740,0.003400
431100.394038,-0.001134,-0.008316,0.034184,0.097857,0.195259,0.001442
431100.410706,-0.001365,-0.008224,0.033519,0.097832,0.188368,-0.001456
431100.427374,-0.001625,-0.008082,0.032752,0.097282,0.180683,-0.004743
431100.444042,-0.001759,-0.007929,0.031780,0.096699,0.171805,-0.007992
431100.460710,-0.002005,-0.007711,0.030864,0.094964,0.162088,-0.012109
431100.477378,-0.002299,-0.007410,0.029962,0.091368,0.151855,-0.016583
431100.494045,-0.002620,-0.006997,0.029047,0.085549,0.141470,-0.021283
431100.510714,-0.002968,-0.006499,0.028147,0.080044,0.131100,-0.026573
431100.527382,-0.003122,-0.006217,0.027206,0.075731,0.120802,-0.031933
431100.544049,-0.003411,-0.005769,0.026311,0.070918,0.110564,-0.036913
431100.560717,-0.003748,-0.005269,0.025355,0.066253,0.099496,-0.041836
431100.577385,-0.004119,-0.004721,0.024309,0.062214,0.087925,-0.046666
431100.594053,-0.004508,-0.004134,0.023239,0.058723,0.077009,-0.051166
431100.610721,-0.004860,-0.003548,0.022255,0.056481,0.068105,-0.055485
431100.627389,-0.005126,-0.002951,0.021425,0.053700,0.061050,-0.058711
431100.644057,-0.004785,-0.002436,0.020663,0.050594,0.056245,-0.060955
431100.660725,-0.004724,-0.001938,0.020114,0.047932,0.053492,-0.062500
431100.677393,-0.004711,-0.001515,0.019810,0.047294,0.053030,-0.063388
431100.694061,-0.004666,-0.001151,0.019836,0.048840,0.055859,-0.063919
431100.710729,-0.004574,-0.000833,0.020223,0.055039,0.062335,-0.065182
431100.727397,-0.004469,-0.000536,0.020903,0.064938,0.071631,-0.066231
431100.744065,-0.004367,-0.000302,0.021618,0.077777,0.082932,-0.066641
431100.760732,-0.004254,-0.000146,0.022596,0.090870,0.095234,-0.066329
431100.777400,-0.004133,-0.000021,0.023707,0.100129,0.107031,-0.066335
431100.794068,-0.004040,0.000164,0.024843,0.103961,0.117376,-0.066941
431100.810736,-0.003985,0.000416,0.025918,0.105665,0.126740,-0.068578
431100.827404,-0.003990,0.000664,0.026935,0.107345,0.133373,-0.070245
431100.844072,-0.004618,0.001671,0.027133,0.109009,0.138632,-0.071444
431100.860740,-0.004907,0.002040,0.027737,0.111253,0.143346,-0.071518
431100.877408,-0.005080,0.002168,0.028405,0.115187,0.147531,-0.071233
431100.894076,-0.005222,0.002219,0.029010,0.122612,0.151226,-0.071630
431100.910744,-0.005362,0.002282,0.029441,0.133146,0.154067,-0.073258
431100.927412,-0.005701,0.002357,0.030127,0.144380,0.155616,-0.075336
431100.944080,-0.005922,0.002454,0.030083,0.153840,0.154072,-0.076670
431100.960748,-0.006093,0.002563,0.029656,0.159573,0.150556,-0.077127
431100.977416,-0.006196,0.002684,0.029075,0.161148,0.147107,-0.076971
431100.994084,-0.006226,0.002754,0.028466,0.160971,0.144531,-0.076082
431101.010752,-0.006200,0.002745,0.027849,0.160122,0.142522,-0.074122
431101.027419,-0.006147,0.002681,0.027214,0.158626,0.140557,-0.071902
431101.044087,-0.005652,0.002510,0.027331,0.156475,0.138089,-0.069653
431101.060755,-0.005478,0.002444,0.026903,0.153227,0.134231,-0.067890
431101.077423,-0.005436,0.002418,0.026273,0.150298,0.128976,-0.066648
431101.094091,-0.005470,0.002401,0.025597,0.148862,0.123182,-0.065995
431101.110759,-0.005544,0.002404,0.024940,0.149016,0.118353,-0.065836
431101.127427,-0.005618,0.002423,0.024374,0.148599,0.113593,-0.066285
431101.144095,-0.005259,0.001758,0.024486,0.146100,0.109253,-0.066220
431101.160763,-0.005141,0.001553,0.024283,0.141121,0.104798,-0.066160
431101.177431,-0.005099,0.001509,0.024062,0.135581,0.100824,-0.066520
431101.194099,-0.005082,0.001515,0.023899,0.130874,0.097660,-0.067106
431101.210767,-0.005080,0.001530,0.023771,0.126877,0.095160,-0.067138
431101.227435,-0.004930,0.001343,0.023598,0.124325,0.094670,-0.066526
431101.244103,-0.004846,0.001279,0.023657,0.124229,0.095397,-0.066419
431101.260770,-0.004776,0.001237,0.023809,0.126233,0.097334,-0.066259
431101.277438,-0.004711,0.001176,0.023941,0.128616,0.099468,-0.065563
431101.294106,-0.004640,0.001069,0.024012,0.130862,0.101300,-0.064119
431101.310774,-0.004574,0.000914,0.024018,0.132864,0.103638,-0.061777
431101.327442,-0.004517,0.000722,0.024003,0.134259,0.104690,-0.059411
431101.344110,-0.004544,0.000720,0.023627,0.134232,0.105079,-0.057257
431101.360778,-0.004555,0.000640,0.023517,0.134424,0.105886,-0.055631
431101.377446,-0.004533,0.000612,0.023650,0.135725,0.108538,-0.055282
431101.394114,-0.004473,0.000665,0.024023,0.138856,0.113308,-0.056191
431101.410782,-0.004400,0.000756,0.024487,0.141415,0.119471,-0.056767
431101.427450,-0.004329,0.000781,0.024915,0.142026,0.123856,-0.056682
431101.444118,-0.004289,0.000796,0.025241,0.139256,0.126712,-0.055291
431101.460786,-0.004232,0.000647,0.025641,0.136029,0.129612,-0.052733
431101.477454,-0.004152,0.000426,0.026244,0.134042,0.133961,-0.050073
431101.494122,-0.004051,0.000202,0.027088,0.133558,0.140306,-0.047958
431101.510790,-0.003944,0.000011,0.028113,0.134341,0.148474,-0.045833
431101.527457,-0.003849,-0.000206,0.029233,0.136312,0.156701,-0.044555
431101.544125,-0.003721,-0.000680,0.030574,0.138490,0.164129,-0.043164
431101.560793,-0.003656,-0.001015,0.031660,0.139351,0.169851,-0.041502
431101.577461,-0.003642,-0.001254,0.032566,0.137911,0.173621,-0.040130
431101.594129,-0.003650,-0.001432,0.033410,0.135454,0.176927,-0.039340
431101.610797,-0.003651,-0.001591,0.034275,0.134069,0.180865,-0.038934
431101.627465,-0.003597,-0.001983,0.035286,0.134352,0.185162,-0.038286
431101.644133,-0.003590,-0.002216,0.036121,0.135110,0.188843,-0.037836
431101.660801,-0.003630,-0.002381,0.036774,0.135441,0.191024,-0.037436
431101.677469,-0.003716,-0.002516,0.037246,0.135047,0.191409,-0.036957
431101.694137,-0.003848,-0.002629,0.037542,0.133699,0.189906,-0.036443
431101.710805,-0.004024,-0.002693,0.037677,0.131329,0.186757,-0.036136
431101.727473,-0.003858,-0.002919,0.037635,0.129121,0.183648,-0.035969
431101.744141,-0.003935,-0.002963,0.037694,0.127024,0.180410,-0.036708
431101.760809,-0.004098,-0.002952,0.037816,0.125615,0.177637,-0.037530
431101.777476,-0.004278,-0.002950,0.037978,0.124928,0.175595,-0.037963
431101.794144,-0.004448,-0.002992,0.038125,0.125358,0.173702,-0.037742
431101.810812,-0.004608,-0.003063,0.038233,0.127235,0.171653,-0.037145
431101.827480,-0.004205,-0.003518,0.038437,0.130536,0.170470,-0.036412
431101.844148,-0.004149,-0.003734,0.038487,0.133350,0.167846,-0.035945
431101.860816,-0.004233,-0.003856,0.038337,0.134766,0.163765,-0.035487
431101.877484,-0.004373,-0.003948,0.037970,0.135331,0.158206,-0.035013
431101.894152,-0.004542,-0.004029,0.037396,0.136227,0.151328,-0.034573
431101.910820,-0.004702,-0.004099,0.036728,0.138247,0.144579,-0.034385
431101.927488,-0.004347,-0.004133,0.036081,0.141642,0.140386,-0.034496
431101.944156,-0.004216,-0.004207,0.035562,0.145031,0.137119,-0.034134
431101.960824,-0.004130,-0.004307,0.035109,0.147281,0.134969,-0.033161
431101.977492,-0.004045,-0.004435,0.034719,0.148794,0.134072,-0.031869
431101.994159,-0.003946,-0.004581,0.034388,0.150645,0.134439,-0.030714
431102.010827,-0.003855,-0.004722,0.034073,0.153103,0.135418,-0.029725
431102.027495,-0.003477,-0.004764,0.033850,0.155970,0.137221,-0.029202
431102.044163,-0.003312,-0.004780,0.033666,0.159379,0.139262,-0.029169
431102.060831,-0.003211,-0.004765,0.033598,0.163973,0.142436,-0.029647
431102.077499,-0.003127,-0.004739,0.033644,0.169100,0.146219,-0.030470
431102.094167,-0.003042,-0.004713,0.033761,0.172344,0.149851,-0.031017
431102.110835,-0.002952,-0.004696,0.033896,0.172511,0.153273,-0.030659
431102.127503,-0.002869,-0.004708,0.034034,0.170473,0.155083,-0.029615
431102.144171,-0.002657,-0.004664,0.034001,0.166947,0.156097,-0.028179
431102.160839,-0.002582,-0.004629,0.034096,0.164061,0.156413,-0.027180
431102.177507,-0.002581,-0.004565,0.034277,0.163124,0.156847,-0.027059
431102.194175,-0.002612,-0.004474,0.034546,0.163784,0.158027,-0.027632
431102.210843,-0.002653,-0.004379,0.034894,0.164452,0.159759,-0.028340
431102.227511,-0.002635,-0.004660,0.035500,0.164163,0.162220,-0.028782
431102.244179,-0.002618,-0.004771,0.036081,0.162565,0.165081,-0.028749
431102.260847,-0.002588,-0.004864,0.036685,0.159541,0.168267,-0.028009
431102.277515,-0.002540,-0.004984,0.037283,0.155114,0.171327,-0.026345
431102.294182,-0.002471,-0.005143,0.037844,0.150273,0.174052,-0.024093
431102.310850,-0.002397,-0.005335,0.038333,0.146340,0.176174,-0.021658
431102.327518,-0.002205,-0.005840,0.038750,0.144463,0.177793,-0.019643
431102.344186,-0.002121,-0.006153,0.039118,0.144195,0.179457,-0.018432
431102.360854,-0.002077,-0.006404,0.039444,0.145319,0.181404,-0.017927
431102.377522,-0.002040,-0.006645,0.039730,0.146757,0.183458,-0.017422
431102.394190,-0.001997,-0.006880,0.039995,0.148167,0.185732,-0.016669
431102.410858,-0.001945,-0.007133,0.040277,0.150668,0.188437,-0.015727
431102.427526,-0.001888,-0.007424,0.040565,0.153532,0.191296,-0.014544
431102.444194,-0.001790,-0.007739,0.040748,0.155291,0.194012,-0.012867
431102.460862,-0.001581,-0.008051,0.040628,0.154607,0.196209,-0.010911
431102.477530,-0.001459,-0.008309,0.040712,0.151647,0.197957,-0.008990
431102.494198,-0.001367,-0.008506,0.040877,0.148465,0.199853,-0.007323
431102.510866,-0.001309,-0.008658,0.041096,0.147630,0.202054,-0.006333
431102.527533,-0.001189,-0.008870,0.041495,0.149207,0.204574,-0.006320
431102.544201,-0.001147,-0.009001,0.041838,0.151937,0.207372,-0.006410
431102.560869,-0.001133,-0.009135,0.042165,0.154356,0.210190,-0.005954
431102.577537,-0.001112,-0.009301,0.042487,0.155448,0.212895,-0.004482
431102.594205,-0.001074,-0.009493,0.042807,0.155078,0.215470,-0.002264
431102.610873,-0.001010,-0.009674,0.043160,0.153826,0.218307,0.000213
431102.627541,-0.000923,-0.009829,0.043547,0.152466,0.221573,0.002409
431102.644209,-0.000838,-0.009957,0.043910,0.151059,0.224741,0.004406
431102.660877,-0.000455,-0.009914,0.044255,0.149153,0.227009,0.005782
431102.677545,-0.000332,-0.009917,0.044454,0.146521,0.227921,0.006790
431102.694213,-0.000329,-0.009935,0.044546,0.144797,0.227965,0.007292
431102.710881,-0.000385,-0.009978,0.044577,0.145035,0.227809,0.007070
431102.727549,-0.000462,-0.010031,0.044571,0.146196,0.227559,0.006681
431102.744217,-0.000461,-0.010153,0.044555,0.146660,0.227155,0.006439
431102.760884,-0.000479,-0.010223,0.044551,0.145883,0.227094,0.006445
431102.777552,-0.000482,-0.010265,0.044605,0.144492,0.227576,0.006544
431102.794220,-0.000468,-0.010283,0.044738,0.143086,0.228725,0.006594
431102.810888,-0.000449,-0.010286,0.044925,0.141917,0.230232,0.006614
431102.827556,-0.000442,-0.010276,0.045131,0.141390,0.231711,0.006460
431102.844224,-0.000417,-0.010270,0.045343,0.141123,0.232826,0.006238
431102.860892,-0.000317,-0.010272,0.045561,0.140462,0.233375,0.005937
431102.877560,-0.000306,-0.010211,0.045735,0.139397,0.233928,0.005776
431102.894228,-0.000328,-0.010107,0.045920,0.138264,0.234663,0.005412
431102.910896,-0.000374,-0.009953,0.046124,0.136454,0.235421,0.004700
431102.927564,-0.000435,-0.009767,0.046349,0.134033,0.236171,0.003640
431102.944232,-0.000502,-0.009585,0.046585,0.132171,0.237188,0.002593
431102.960900,-0.000567,-0.009637,0.046708,0.131971,0.238240,0.002076
431102.977568,-0.000636,-0.009646,0.046856,0.132840,0.238974,0.001918
431102.994236,-0.000704,-0.009664,0.046983,0.134083,0.239474,0.001974
431103.010904,-0.000756,-0.009700,0.047100,0.134980,0.240007,0.002219
431103.027571,-0.000786,-0.009755,0.047187,0.134571,0.240392,0.002849
431103.044239,-0.000685,-0.009979,0.047018,0.133549,0.240449,0.003830
431103.060907,-0.000645,-0.010089,0.046930,0.132338,0.240267,0.004565
431103.077575,-0.000638,-0.010143,0.046863,0.131782,0.240008,0.004707
431103.094243,-0.000658,-0.010177,0.046804,0.131673,0.239733,0.004436
431103.110911,-0.000703,-0.010212,0.046746,0.131375,0.239276,0.004250
431103.127579,-0.000591,-0.010331,0.046841,0.130575,0.238888,0.004377
431103.144247,-0.000581,-0.010411,0.046855,0.129919,0.238568,0.004648
431103.160915,-0.000597,-0.010489,0.046857,0.129893,0.238572,0.004948
431103.177583,-0.000616,-0.010562,0.046871,0.130368,0.238848,0.005089
431103.194251,-0.000640,-0.010619,0.046876,0.130286,0.238995,0.005210
431103.210919,-0.000674,-0.010654,0.046854,0.129592,0.238791,0.005349
431103.227587,-0.000723,-0.010667,0.046824,0.128345,0.238357,0.005228
431103.244255,-0.000457,-0.010669,0.046809,0.126941,0.237853,0.005048
431103.260922,-0.000381,-0.010676,0.046817,0.125823,0.237664,0.004762
431103.277591,-0.000344,-0.010703,0.046878,0.125075,0.238144,0.004656
431103.294258,-0.000308,-0.010756,0.046962,0.124493,0.239002,0.004947
431103.310926,-0.000279,-0.010812,0.047026,0.123607,0.239562,0.005485
431103.327594,-0.000187,-0.010877,0.046950,0.122421,0.239740,0.005767
431103.344262,-0.000164,-0.010913,0.046949,0.121551,0.239953,0.005680
431103.360930,-0.000167,-0.010965,0.046957,0.121681,0.240207,0.005585
431103.377598,-0.000190,-0.011032,0.046927,0.121864,0.240126,0.005663
431103.394266,-0.000241,-0.011090,0.046840,0.121111,0.239324,0.005723
431103.410934,-0.000311,-0.011141,0.046727,0.119614,0.238088,0.005596
431103.427602,-0.000372,-0.011199,0.046631,0.118069,0.237066,0.005572
431103.444270,-0.000408,-0.011279,0.046578,0.117324,0.236681,0.005712
431103.460938,-0.000295,-0.011403,0.046532,0.117617,0.237019,0.005963
431103.477606,-0.000253,-0.011540,0.046500,0.118148,0.237179,0.006251
431103.494273,-0.000226,-0.011701,0.046462,0.118335,0.237155,0.006758
431103.510942,-0.000192,-0.011892,0.046424,0.118132,0.237048,0.007613
431103.527609,-0.000076,-0.012130,0.046252,0.118035,0.236901,0.008606
431103.544277,0.000006,-0.012337,0.046171,0.117541,0.236665,0.009451
431103.560945,0.000056,-0.012512,0.046088,0.116330,0.235917,0.010117
431103.577613,0.000074,-0.012654,0.045995,0.114702,0.234728,0.010487
431103.594281,0.000076,-0.012782,0.045929,0.113075,0.233743,0.010604
431103.610949,0.000077,-0.012913,0.045893,0.111909,0.233013,0.010764
431103.627617,0.000071,-0.013034,0.045867,0.110581,0.232201,0.010943
431103.644285,0.000054,-0.013172,0.045926,0.109255,0.231238,0.010915
431103.660953,0.000030,-0.013252,0.045968,0.108551,0.230722,0.010630
431103.677621,-0.000001,-0.013305,0.046035,0.108113,0.230567,0.010337
431103.694289,-0.000030,-0.013317,0.046125,0.106781,0.230536,0.010148
431103.710957,-0.000058,-0.013264,0.046245,0.104193,0.230626,0.009750
431103.727625,-0.000014,-0.013095,0.046306,0.100920,0.231084,0.008879
431103.744292,-0.000001,-0.012936,0.046450,0.097818,0.231827,0.007727
431103.760961,-0.000008,-0.012778,0.046578,0.094780,0.232319,0.006699
431103.777628,-0.000062,-0.012610,0.046641,0.091799,0.231829,0.005567
431103.794296,-0.000167,-0.012420,0.046636,0.088974,0.230483,0.004026
431103.810964,-0.000304,-0.012225,0.046585,0.086594,0.228895,0.002231
431103.827632,-0.000377,-0.012188,0.046496,0.086060,0.227808,0.000553
431103.844300,-0.000463,-0.012115,0.046461,0.087598,0.227353,-0.001074
431103.860968,-0.000539,-0.012044,0.046452,0.090018,0.227355,-0.002483
431103.877636,-0.000623,-0.011969,0.046429,0.091653,0.227023,-0.003781
431103.894304,-0.000718,-0.011908,0.046371,0.091828,0.226060,-0.005054
431103.910972,-0.000815,-0.011886,0.046297,0.090482,0.224486,-0.006056
431103.927640,-0.000777,-0.011799,0.046000,0.086934,0.223131,-0.006240
431103.944308,-0.000761,-0.011801,0.045947,0.082634,0.222227,-0.005992
431103.960976,-0.000734,-0.011812,0.046058,0.079308,0.222477,-0.005976
431103.977644,-0.000706,-0.011827,0.046276,0.078804,0.223753,-0.006469
431103.994312,-0.000698,-0.011878,0.046515,0.080000,0.225143,-0.007006
431104.010980,-0.000691,-0.011978,0.046707,0.080602,0.226100,-0.006811
431104.027647,-0.000573,-0.012160,0.046823,0.080031,0.226360,-0.005994
431104.044315,-0.000540,-0.012309,0.046911,0.078164,0.225929,-0.005038
431104.060983,-0.000531,-0.012458,0.047009,0.076089,0.225518,-0.004094
431104.077651,-0.000505,-0.012632,0.047098,0.074653,0.225235,-0.002614
431104.094319,-0.000469,-0.012818,0.047122,0.073350,0.224347,-0.000608
431104.110987,-0.000451,-0.012975,0.047021,0.070807,0.222119,0.001554
431104.127655,-0.000470,-0.013119,0.046844,0.067211,0.218602,0.003324
431104.144323,-0.000532,-0.013186,0.046622,0.064967,0.215164,0.003962
431104.160991,-0.000587,-0.013233,0.046479,0.065765,0.213219,0.003898
431104.177659,-0.000584,-0.013261,0.046496,0.068143,0.213705,0.003847
431104.194327,-0.000517,-0.013265,0.046673,0.070825,0.216235,0.003863
431104.210995,-0.000426,-0.013261,0.046932,0.073171,0.219696,0.004202
431104.227663,-0.000255,-0.013286,0.047089,0.075238,0.222768,0.004719
431104.244331,-0.000193,-0.013291,0.047186,0.076420,0.224204,0.005204
431104.260998,-0.000221,-0.013244,0.047195,0.076142,0.223827,0.005323
431104.277666,-0.000304,-0.013108,0.047196,0.074597,0.222938,0.004642
431104.294334,-0.000406,-0.012896,0.047258,0.073521,0.222512,0.002995
431104.311002,-0.000506,-0.012654,0.047351,0.073135,0.222771,0.001056
431104.327670,-0.000570,-0.012302,0.047556,0.073964,0.223122,-0.000661
431104.344338,-0.000639,-0.012068,0.047655,0.074936,0.223367,-0.001828
431104.361006,-0.000699,-0.011910,0.047697,0.075225,0.223316,-0.002275
431104.377674,-0.000747,-0.011796,0.047711,0.074732,0.223157,-0.002163
431104.394342,-0.000777,-0.011689,0.047733,0.074329,0.223257,-0.002023
431104.411010,-0.000799,-0.011565,0.047783,0.074629,0.223819,-0.002313
431104.427678,-0.000817,-0.011443,0.047848,0.075623,0.224574,-0.002888
431104.444346,-0.000743,-0.011401,0.047932,0.076616,0.225308,-0.003292
431104.461014,-0.000705,-0.011346,0.047983,0.077072,0.226067,-0.003392
431104.477682,-0.000689,-0.011309,0.047979,0.077024,0.226268,-0.003234
431104.494349,-0.000706,-0.011277,0.047912,0.076637,0.225607,-0.003134
431104.511017,-0.000750,-0.011240,0.047853,0.076688,0.224731,-0.003490
431104.527685,-0.000781,-0.011036,0.047901,0.076832,0.225019,-0.004074
431104.544353,-0.000768,-0.010952,0.048109,0.076799,0.226698,-0.004418
431104.561021,-0.000723,-0.010956,0.048397,0.075973,0.228718,-0.003870
431104.577689,-0.000673,-0.011014,0.048691,0.074055,0.230300,-0.002649
431104.594357,-0.000646,-0.011091,0.048941,0.072105,0.230677,-0.001547
431104.611025,-0.000675,-0.011163,0.049156,0.070837,0.229824,-0.000993
431104.627693,-0.000740,-0.011225,0.049390,0.069795,0.228603,-0.000898
431104.644361,-0.000792,-0.011333,0.049702,0.067530,0.226921,-0.000892
431104.661029,-0.000828,-0.011511,0.050095,0.063661,0.224534,-0.000676
431104.677697,-0.000916,-0.011666,0.050439,0.059234,0.221751,-0.000237
431104.694365,-0.001000,-0.011900,0.050869,0.055396,0.219543,0.000610
431104.711033,-0.001025,-0.012272,0.051418,0.052276,0.218187,0.002271
431104.727701,-0.000977,-0.012801,0.052042,0.049431,0.217622,0.005058
431104.744369,-0.000754,-0.013539,0.052504,0.046824,0.216799,0.008675
431104.761036,-0.000602,-0.014345,0.053015,0.042501,0.214855,0.012575
431104.777704,-0.000420,-0.015192,0.053593,0.037026,0.213131,0.016528
431104.794372,-0.000149,-0.016090,0.054308,0.031963,0.213111,0.020545
431104.811040,0.000218,-0.017011,0.055133,0.027333,0.214789,0.024579
431104.827708,0.000633,-0.017973,0.056065,0.023956,0.217558,0.028284
431104.844376,0.001098,-0.018917,0.056948,0.022579,0.221209,0.031714
431104.861044,0.001549,-0.019889,0.057751,0.022949,0.224826,0.035221
431104.877712,0.001954,-0.020896,0.058457,0.024441,0.228039,0.039067
431104.894380,0.002302,-0.021902,0.059055,0.026492,0.230949,0.042906
431104.911048,0.002584,-0.022859,0.059511,0.028711,0.233124,0.046310
431104.927716,0.002806,-0.023698,0.059822,0.030199,0.234390,0.049031
431104.944384,0.002784,-0.024471,0.060043,0.031384,0.235317,0.050828
431104.961052,0.002877,-0.025136,0.060203,0.033604,0.236605,0.052304
431104.977719,0.002983,-0.025748,0.060303,0.035923,0.237396,0.053801
431104.994388,0.003051,-0.026286,0.060304,0.035134,0.236887,0.055550
431105.011056,0.003119,-0.026781,0.060259,0.032575,0.236274,0.057410
431105.027723,0.003216,-0.027281,0.060212,0.030421,0.236039,0.059207
431105.044391,0.003462,-0.027735,0.060438,0.027890,0.235885,0.061205
431105.061059,0.003640,-0.028174,0.060436,0.024811,0.235330,0.063134
431105.077727,0.003776,-0.028550,0.060370,0.022042,0.234702,0.064251
431105.094395,0.003879,-0.028876,0.060325,0.021157,0.234697,0.064384
431105.111063,0.003958,-0.029220,0.060292,0.022703,0.235274,0.064135
431105.127731,0.004007,-0.029615,0.060191,0.023917,0.234805,0.064223
431105.144399,0.004173,-0.030490,0.060360,0.023771,0.233234,0.065043
431105.161067,0.004274,-0.031093,0.060281,0.022816,0.231843,0.066201
431105.177735,0.004357,-0.031588,0.060171,0.022736,0.231089,0.067254
431105.194403,0.004420,-0.032014,0.060093,0.023464,0.230943,0.067927
431105.211071,0.004457,-0.032401,0.060030,0.024253,0.231021,0.068339
431105.227738,0.004463,-0.032764,0.059936,0.024032,0.230195,0.068880
431105.244406,0.004763,-0.033181,0.059676,0.022756,0.228665,0.069488
431105.261074,0.004833,-0.033507,0.059435,0.021106,0.226370,0.070041
431105.277742,0.004823,-0.033771,0.059191,0.019847,0.223921,0.070206
431105.294410,0.004787,-0.034040,0.058990,0.019499,0.221987,0.070082
431105.311078,0.004803,-0.034401,0.058867,0.020287,0.221458,0.070566
431105.327746,0.004912,-0.034896,0.058829,0.021262,0.222022,0.072428
431105.344414,0.005308,-0.035609,0.059076,0.021503,0.223382,0.075297
431105.361082,0.005600,-0.036226,0.059145,0.020873,0.224705,0.078040
431105.377750,0.005817,-0.036741,0.059113,0.020981,0.225686,0.079618
431105.394418,0.005954,-0.037178,0.058989,0.022054,0.225889,0.079892
431105.411086,0.006028,-0.037568,0.058773,0.022673,0.225008,0.079775
431105.427754,0.006161,-0.038016,0.058532,0.022492,0.223614,0.079645
431105.444422,0.006260,-0.038407,0.058284,0.021991,0.222576,0.080007
431105.461090,0.006346,-0.038780,0.058060,0.022640,0.222400,0.080730
431105.477757,0.006411,-0.039101,0.057852,0.025321,0.222975,0.081408
431105.494425,0.006437,-0.039324,0.057653,0.029603,0.223966,0.081547
431105.511093,0.006407,-0.039436,0.057450,0.033913,0.224642,0.081099
431105.527761,0.006507,-0.039339,0.057085,0.036946,0.225114,0.080541
431105.544429,0.006466,-0.039219,0.056762,0.037994,0.224444,0.079931
431105.561097,0.006364,-0.039041,0.056388,0.037182,0.222795,0.079333
431105.577765,0.006226,-0.038815,0.055964,0.035784,0.220496,0.078780
431105.594433,0.006064,-0.038538,0.055562,0.034862,0.218440,0.077883
431105.611101,0.005885,-0.038198,0.055238,0.035894,0.217427,0.076299
431105.627769,0.005651,-0.037777,0.054968,0.039646,0.217379,0.073497
431105.644437,0.005470,-0.037210,0.054802,0.044374,0.216514,0.069310
431105.661105,0.005323,-0.036537,0.054655,0.047693,0.213954,0.064783
431105.677773,0.004988,-0.035899,0.054227,0.047954,0.209379,0.060717
431105.694441,0.004600,-0.035217,0.053684,0.045474,0.203536,0.056940
431105.711109,0.004195,-0.034428,0.053109,0.042397,0.197703,0.052586
431105.727776,0.003752,-0.033527,0.052539,0.039801,0.191607,0.046732
431105.744445,0.003544,-0.032652,0.051935,0.038360,0.185409,0.040250
431105.761112,0.003110,-0.031777,0.051302,0.038382,0.178892,0.033807
431105.777780,0.002633,-0.030968,0.050647,0.039548,0.172576,0.028231
431105.794448,0.002215,-0.030239,0.050023,0.040869,0.167176,0.024163
431105.811116,0.001914,-0.029606,0.049488,0.040468,0.163529,0.022206
431105.827784,0.001730,-0.029101,0.049108,0.036975,0.161934,0.022073
431105.844452,0.002068,-0.028691,0.048817,0.033413,0.162285,0.022720
431105.861120,0.002196,-0.028252,0.048686,0.030404,0.162886,0.023345
431105.877788,0.002246,-0.027789,0.048658,0.026570,0.163831,0.023910
431105.894456,0.002258,-0.027321,0.048719,0.021881,0.165054,0.024234
431105.911124,0.002228,-0.026837,0.048800,0.015278,0.165899,0.024453
431105.927792,0.002151,-0.026354,0.048864,0.007580,0.165783,0.024364
431105.944460,0.002249,-0.026190,0.049001,-0.000124,0.165623,0.024044
431105.961127,0.002196,-0.025910,0.049112,-0.006687,0.165341,0.023599
431105.977796,0.002103,-0.025591,0.049217,-0.010307,0.165228,0.022550
431105.994463,0.002014,-0.025310,0.049290,-0.012939,0.165430,0.021714
431106.011131,0.001995,-0.025165,0.049314,-0.017330,0.165829,0.022429
431106.027799,0.002082,-0.025161,0.049369,-0.022942,0.166183,0.024817
431106.044467,0.002178,-0.025213,0.049423,-0.028591,0.167434,0.027290
431106.061135,0.002217,-0.025219,0.049529,-0.032219,0.169746,0.028283
431106.077803,0.002233,-0.025080,0.049726,-0.034454,0.171728,0.027433
431106.094471,0.002173,-0.024815,0.049854,-0.036218,0.172053,0.024983
431106.111139,0.002063,-0.024536,0.049906,-0.039222,0.171244,0.022432
431106.127807,0.001965,-0.024394,0.049921,-0.044876,0.169556,0.021699
431106.144475,0.001878,-0.024471,0.050040,-0.052924,0.167588,0.023242
431106.161143,0.001904,-0.024602,0.050190,-0.060253,0.166375,0.026133
431106.177811,0.002028,-0.024689,0.050572,-0.064043,0.168405,0.029060
431106.194479,0.002145,-0.024754,0.051248,-0.058881,0.174201,0.029988
431106.211147,0.002200,-0.024832,0.051946,-0.050202,0.180015,0.030348
431106.227815,0.002234,-0.024944,0.052561,-0.045065,0.184230,0.030963
